eva,decoded,language
kchsy,BASILICUM,latin
kooiin,BORAGO,latin
pchooiin,MANDRAGORA,latin
fochor,JACEA,latin
poldchody,VERBENA,latin
poeeaiin,ARUM,latin
pody,PAEONIA,latin
tchy,SENECIO,latin
daiin,OLEUM,latin
chol,DAT,latin
chedy,DEUS,latin
shedy,HEUS,latin
ol,FUIT,latin
chy,DIES,latin
dy,ALIUS,latin
shol,HABET,latin
chal,DAT,latin
dchol,DICERE,latin
cheol,DEDIT,latin
keol,GERAT,latin
qokol,NOCET,latin
ey,ES,latin
or,OR,occitan
ky,AC,occitan
da,LA,latin
keody,BEN,occitan
tor,SED,latin
ty,SIC,latin
taiin,CUM,latin
kchy,BONUS,latin
dchy,LUCIS,latin
chody,ODORATUS,latin
do,ALBA,latin
shy,HIC,latin
kchdy,ACUTUS,latin
kor,GRADU,latin
tol,TERTIO,latin
tcho,SCABIE,latin
tody,CORTICE,latin
chaiin,DIEM,latin
chedaiin,DEUM,latin
oal,DOLOR,latin
pchaiin,EM,latin
pchy,ARIETE,latin
dar,DICIT,latin
dal,DICIT,latin
dam,DICERE,latin
kaiin,AM,latin
qo,NO,latin
aiin,AMARA,latin
ar,AD,latin
chey,DES,occitan
shey,HEC,occitan
al,AL,occitan
dol,LAEDIT,latin
kol,GRATIA,latin
cho,DEO,latin
dor,LUX,latin
okol,OPTAT,latin
qokeey,NOCIS,latin
qokey,NOCES,latin
qokeedy,NOCITIS,latin
cheey,DIS,latin
sheey,HIS,occitan
chor,DEA,latin
sho,HABE,occitan
kechy,GENS,latin
qokal,NOCAT,latin
chkeey,DICIS,latin
chdy,DATUS,latin
okaiin,FOCUM,latin
qol,NON,latin
dain,LAIN,occitan
keey,BIS,latin
okeey,FACIS,latin
qokedy,NOCETIS,latin
saiin,SUMMA,latin
otchol,LAUDAT,latin
oteey,LIS,latin
otaiin,LIMA,latin
qokar,NOCAR,occitan
qokaiin,NOCUM,latin
qoky,NOCS,latin
otar,LAR,latin
otal,LAUDAT,latin
oty,LAUS,latin
oky,FACIS,latin
lchedy,MEUS,latin
lchey,MEIS,latin
qokain,NOCAN,occitan
okain,FOCAN,occitan
otedy,LAETUS,latin
otol,LAUDAT,latin
sheol,HERBA,latin
okal,FACIT,latin
okar,FOCAR,occitan
okedy,FACITIS,latin
otain,LANA,latin
otchy,LAUDIS,latin
oteedy,LAETIS,latin
shor,HORAM,latin
raiin,REM,latin
qotaiin,NOTAM,latin
sol,SAT,latin
tedy,TEUS,latin
char,DARE,latin
sheedy,HUIUS,latin
okeedy,FACITIS,latin
lshedy,HEUS,latin
qotedy,NOCETIS,latin
dair,LAUR,latin
cheor,DECOR,latin
cthy,ET,latin
qoty,NOCS,latin
cheody,DECUS,latin
qoteedy,NOCITIS,latin
sain,SAIN,occitan
qotain,NOCAN,occitan
cheedy,DIUS,latin
cheo,DEO,latin
sal,SAL,latin
oly,FLOS,latin
qotar,NOCAR,occitan
ykeey,QUAM,latin
air,AURUM,latin
ain,AN,occitan
am,AM,latin
qotal,NOCAT,latin
okeol,FOCERAT,latin
qokeol,NOCERAT,latin
qokchy,NOCS,latin
qotchy,NOCS,latin
cheky,DICIS,latin
okey,FOCES,latin
shody,HORTUS,latin
choy,DOSIS,latin
otey,las,occitan
kar,GARUM,occitan
olaiin,FILUM,latin
sar,SARE,occitan
qotol,NOCET,latin
odaiin,FUMUM,latin
qodaiin,NOVUM,latin
lol,FUIT,latin
lkeey,BIS,latin
sor,SERUM,latin
kain,BAIN,occitan
lor,LOR,occitan
ytaiin,QUANTUM,latin
ody,FIDES,latin
tar,TARTARUM,latin
lkaiin,AM,latin
olar,FAR,latin
lain,AN,occitan
kchor,GRADU,latin
ckeor,DECOR,latin
lkar,GARUM,occitan
ytedy,QUALIS,latin
qoaiin,NOMEN,latin
olkar,GARUM,occitan
yky,QUOS,latin
chkaiin,DICAM,latin
ror,RORIS,latin
chedain,DICAN,latin
okair,FOCARI,latin
odain,FANUM,latin
chear,DECOR,latin
sheky,HIBIS,latin
chety,DATIS,latin
yteey,QUIES,latin
cheeky,DICIS,latin
yty,QUAS,latin
dan,LAN,latin
cham,DAM,latin
rol,ROTA,latin
dary,ARS,latin
pol,FUIT,latin
rain,RAN,latin
ycheey,QUIS,latin
cheeo,DEO,latin
chl,DAT,latin
chdaiin,DUM,latin
qoeey,NOIS,latin
okeeo,FACIO,latin
rar,RARO,latin
okeeol,FACIT,latin
lkchedy,GENUS,latin
lkchdy,GENUS,latin
lshey,HEC,occitan
olshey,HEC,occitan
chs,DES,occitan
shed,HEU,latin
qokeor,NOCERE,latin
sheos,HABES,latin
otair,LAUR,latin
chky,DECUS,latin
qokeeo,NOCEO,latin
ykedy,QUALIS,latin
chokaiin,DICTUM,latin
chain,DANS,latin
ykal,QUALE,latin
lchdy,DATUS,latin
qotchey,NOCES,latin
qoy,NOS,latin
qoey,NOCES,latin
lky,AC,occitan
qokaly,NOCITIS,latin
teey,TUIS,latin
okaly,FACITIS,latin
okchdy,FACITIS,latin
chdal,DAT,latin
opchdy,DATUS,latin
kchey,GENS,latin
ykchy,QUAM,latin
tal,TAL,latin
daiir,OLER,latin
sheal,HALAT,latin
ched,DEUS,latin
shaiin,HAMA,latin
oldy,ALIUS,latin
ary,ARS,latin
okchedy,FACITIS,latin
cheal,DICIT,latin
kchol,GRATIA,latin
olshedy,HEUS,latin
kchedy,GENUS,latin
qotey,NOCES,latin
olky,AC,occitan
chdar,DARE,latin
okeor,FACERE,latin
kal,CALE,latin
shodaiin,HORTUM,latin
chedal,DICAT,latin
ytar,QUATER,latin
y,ET,latin
s,SED,latin
r,RECIPE,latin
aiir,AER,latin
om,OM,latin
sy,SIC,latin
okeody,FACITIS,latin
qokeody,NOCETIS,latin
chedar,DECOR,latin
qokeeey,NOCIS,latin
qor,NOR,latin
ldy,ALIUS,latin
keedy,BIS,latin
lkeedy,BIS,latin
choky,DECUS,latin
aly,ALS,occitan
oaiin,FAMA,latin
qokam,NOCAM,latin
okam,FOCAM,latin
dchedy,DEUS,latin
dchor,DEA,latin
qotchedy,NOCETIS,latin
qotchdy,NOCETIS,latin
daly,ALS,occitan
she,HE,latin
oiin,VINUM,latin
okeeey,FACIES,latin
olkedy,GENUS,latin
otchdy,LAETUS,latin
olchedy,MEUS,latin
os,OS,latin
oteos,LOCUS,latin
olor,FLORA,latin
okor,FACERE,latin
qotor,NOCOR,latin
opchey,DES,occitan
olchey,DES,occitan
lkedy,GENUS,latin
qopchedy,NOCETIS,latin
sheor,HORROR,latin
ches,DES,occitan
qokchedy,NOCETIS,latin
opchedy,DEUS,latin
pchedy,DEUS,latin
olkain,BAIN,occitan
olkaiin,AM,latin
tchedy,TEUS,latin
otchedy,LAETUS,latin
otchey,LAS,occitan
qokchey,NOCES,latin
okchey,FOCES,latin
chckhy,DIES,latin
chcthy,DIES,latin
shckhy,HEUS,latin
checkhy,DES,occitan
sheckhy,HEUS,latin
cheos,DEOS,latin
chees,DEIS,latin
lkain,BAIN,occitan
dshedy,HEUS,latin
shar,HORA,latin
ykar,QUARE,latin
sheody,HIRTUS,latin
qokchdy,NOCTES,latin
shdy,HIS,occitan
kedy,GENUS,latin
ckhy,ET,latin
okchy,FACIS,latin
olkeey,FACITIS,latin
oteol,LAETO,latin
oteody,LACTIS,latin
oraiin,FORMA,latin
qokor,NOCOR,latin
chos,DOS,latin
choty,DATUS,latin
qoteey,NOCIS,latin
olkeedy,FACITIS,latin
otam,OLEUM,latin
otor,LOR,occitan
chodaiin,ODORATUM,latin
ykaiin,QUAM,latin
sheo,HUC,latin
aiiin,AMARA,latin
otchor,LOR,occitan
okchor,FACERE,latin
ytchy,QUAS,latin
tchor,SED,latin
chokchy,DECUS,latin
qokchol,NOCET,latin
qotchor,NOCOR,latin
choiin,VINUM,latin
qotchol,NOCET,latin
chotchy,DATUS,latin
dchey,DES,occitan
tchol,TERTIO,latin
okchol,OPTAT,latin
doiin,VINUM,latin
dshor,HORAM,latin
daiiin,AMARA,latin
ychor,DEA,latin
chory,DARIS,latin
qokchor,NOCOR,latin
choly,FLOS,latin
chyky,QUOS,latin
chan,DAN,latin
shoy,HORAS,latin
tchey,DES,occitan
chty,SIC,latin
ydaiin,OLEUM,latin
ykol,GRATIA,latin
dshy,HIC,latin
dsho,HABE,occitan
dcheey,DIS,latin
opchy,DIES,latin
chkchy,BONUS,latin
chkar,DECOR,latin
ytor,QUARE,latin
ytchor,QUARE,latin
ytey,QUAS,latin
ykeedy,QUALIS,latin
odal,FUAT,latin
sheaiin,HAMAM,latin
qokody,NOCATUS,latin
oy,FAC,latin
qody,NERVI,latin
olol,FUIT,latin
chom,OM,latin
dshey,HEC,occitan
qokechy,NOCES,latin
lcheey,DIS,latin
laiin,AMARA,latin
olcheey,DIS,latin
chkal,CALE,latin
olain,AN,occitan
pchor,DEA,latin
ytchey,QUAS,latin
pchey,DES,occitan
chkain,BAIN,occitan
pchdy,DATUS,latin
opaiin,AMARA,latin
chokain,FOCAN,occitan
pcheol,DEDIT,latin
olchy,DIES,latin
pchedar,DECOR,latin
chotar,LAR,latin
chokeey,FACIS,latin
olkal,CALE,latin
choldy,ALIUS,latin
opar,AD,latin
ytchedy,QUALIS,latin
chdam,DICERE,latin
lchy,DIES,latin
lcheedy,DIUS,latin
chodain,FANUM,latin
chotey,LAS,occitan
ochy,FAC,latin
chotaiin,LIMA,latin
oldaiin,OLEUM,latin
opal,AL,occitan
chdain,LAIN,occitan
dsheol,HERBA,latin
chotal,LAUDAT,latin
chokal,FACIT,latin
tchody,CORTICE,latin
dsheey,HIS,occitan
paiin,AMARA,latin
dody,FIDES,latin
olcheol,DEDIT,latin
pchol,DAT,latin
olchdy,DATUS,latin
chdor,LUX,latin
dcheol,DEDIT,latin
opcheol,DEDIT,latin
por,OR,occitan
lsheey,HIS,occitan
lkchey,GENS,latin
lcheol,DEDIT,latin
polaiin,FILUM,latin
opor,OR,occitan
oldar,DICIT,latin
olsheey,HIS,occitan
choaiin,FAMA,latin
chotol,LAUDAT,latin
chodal,FUAT,latin
dom,OM,latin
okcheey,FACIS,latin
dcheo,DEO,latin
dchdy,DATUS,latin
pcheody,DECUS,latin
chokey,FOCES,latin
choteey,LIS,latin
olkeol,GERAT,latin
chokar,FOCAR,occitan
lal,AL,occitan
olal,AL,occitan
ltedy,TEUS,latin
lsheedy,HUIUS,latin
ykchedy,QUALIS,latin
opchol,DAT,latin
otcham,OLEUM,latin
tcheey,TUIS,latin
chary,ARS,latin
otchar,LAR,latin
opchor,DEA,latin
ykchol,GRATIA,latin
oldam,DICERE,latin
chaly,ALS,occitan
chokor,FACERE,latin
olam,AM,latin
lchal,DAT,latin
polchedy,MEUS,latin
lchor,DEA,latin
olkchedy,GENUS,latin
shchy,HIC,latin
qokeechy,NOCIS,latin
okechy,FOCES,latin
lam,AM,latin
loly,FLOS,latin
lar,AD,latin
qochey,NOCES,latin
chtal,TAL,latin
lched,DEUS,latin
lpchedy,DEUS,latin
pshol,HABET,latin
dchaiin,DIEM,latin
dcho,DEO,latin
lshy,HIC,latin
kcheol,GERAT,latin
choraiin,FORMA,latin
chopchy,DIES,latin
chokeody,FACITIS,latin
cholor,FLORA,latin
pcheey,DIS,latin
schol,SAT,latin
dshol,HABET,latin
pchodaiin,ODORATUM,latin
dyky,QUOS,latin
schy,SIC,latin
chtol,TERTIO,latin
pchdar,DARE,latin
chokeol,FOCERAT,latin
oltedy,TEUS,latin
par,AD,latin
pchody,ODORATUS,latin
chkedy,GENUS,latin
lkol,GRATIA,latin
los,OS,latin
podaiin,FUMUM,latin
ldar,DICIT,latin
oloiin,VINUM,latin
kcheey,BIS,latin
chotam,OLEUM,latin
chekchy,DICIS,latin
kcheody,BEN,occitan
psheody,HIRTUS,latin
lkeol,GERAT,latin
opcheey,DIS,latin
olkol,GRATIA,latin
lom,OM,latin
otechdy,LAETUS,latin
pchedal,DICAT,latin
pcheor,DECOR,latin
lkal,CALE,latin
chtaiin,CUM,latin
dchar,DARE,latin
otchal,LAUDAT,latin
cholaiin,FILUM,latin
chochy,FAC,latin
cholal,AL,occitan
chotain,LANA,latin
chyty,QUAS,latin
dalchy,ALS,occitan
chodchy,ODORATUS,latin
lchol,DAT,latin
tchar,TARTARUM,latin
chetchy,DATIS,latin
chokol,OPTAT,latin
olsheol,HERBA,latin
loiin,VINUM,latin
kechdy,GENUS,latin
cholky,AC,occitan
qotcheedy,NOCITIS,latin
shekchy,HIBIS,latin
chotor,LOR,occitan
okchar,FOCAR,occitan
chokchol,OPTAT,latin
olkchey,GENS,latin
chokam,FOCAM,latin
opam,AM,latin
okechdy,FACITIS,latin
otechy,LAS,occitan
dcheedy,DIUS,latin
chpchy,ARIETE,latin
olkchy,BONUS,latin
dsheedy,HUIUS,latin
olshdy,HIS,occitan
olpchedy,DEUS,latin
qokechedy,NOCITIS,latin
opol,FUIT,latin
cholkaiin,AM,latin
lkor,GRADU,latin
olkor,GRADU,latin
olkchdy,ACUTUS,latin
pchedaiin,DEUM,latin
lcheo,DEO,latin
dcheor,DECOR,latin
loty,LAUS,latin
lkeody,BEN,occitan
opair,AURUM,latin
opchedaiin,DEUM,latin
okechedy,FACITIS,latin
lchody,ODORATUS,latin
chotchey,LAS,occitan
olsy,SIC,latin
choteol,LAETO,latin
pchar,DARE,latin
lody,FIDES,latin
opydaiin,OLEUM,latin
chykchy,QUAM,latin
olsho,HABE,occitan
pchoy,DOSIS,latin
doaiin,FAMA,latin
okchal,FACIT,latin
dchokchy,DECUS,latin
qotchar,NOCAR,occitan
dsheor,HORROR,latin
kchaiin,AM,latin
olshy,HIC,latin
dykaiin,QUAM,latin
schor,SERUM,latin
oldal,DICIT,latin
chtar,TARTARUM,latin
olom,OM,latin
oloy,FAC,latin
ykeechy,QUAM,latin
poraiin,FORMA,latin
chkol,GRATIA,latin
lodaiin,FUMUM,latin
chdaly,ALS,occitan
lsheody,HIRTUS,latin
pchdaiin,DUM,latin
cholkal,CALE,latin
olaiir,AER,latin
otcheey,LIS,latin
opchal,DAT,latin
lchar,DARE,latin
lshed,HEU,latin
keechy,BIS,latin
qokcheody,NOCETIS,latin
pchal,DAT,latin
olkeechy,FACITIS,latin
chokchey,FOCES,latin
dchos,DOS,latin
cholkar,GARUM,occitan
olaly,ALS,occitan
okalchy,FACITIS,latin
pdaiin,OLEUM,latin
ldaiin,OLEUM,latin
chteey,TUIS,latin
dolchedy,MEUS,latin
okcheody,FACITIS,latin
opcheody,DECUS,latin
doly,FLOS,latin
oltar,TARTARUM,latin
chokeedy,FACITIS,latin
qokechdy,NOCETIS,latin
pshedy,HEUS,latin
olcheedy,DIUS,latin
lokeedy,FACITIS,latin
olched,DEUS,latin
dched,DEUS,latin
poiin,VINUM,latin
lcheody,DECUS,latin
opdaiin,OLEUM,latin
cholkeedy,FACITIS,latin
opary,ARS,latin
chkchol,GRATIA,latin
olchor,DEA,latin
olcheor,DECOR,latin
lkechedy,BIS,latin
opcheedy,DIUS,latin
kechedy,BIS,latin
pcheo,DEO,latin
ltal,TAL,latin
lcho,DEO,latin
chokedy,FACITIS,latin
pchodain,FANUM,latin
eey,IS,latin
eol,ERAT,latin
yteedy,QUALIS,latin
soiin,SEMEN,latin
chhy,DIES,latin
cheoy,DEOS,latin
ols,FLOS,latin
edy,EIUS,latin
qoeedy,NOCITIS,latin
ory,FORS,latin
oar,FAR,latin
shear,HORA,latin
teol,TERAT,latin
ykeol,QUERAT,latin
okeeor,FACERE,latin
sheeol,HERBA,latin
shal,SAL,latin
orol,FORAT,latin
ral,RAT,latin
okeo,FACIO,latin
otaly,LAUDIS,latin
aral,AURAT,latin
oldain,LAIN,occitan
chtor,SED,latin
oltchey,DES,occitan
dolchey,DES,occitan
olsaiin,SUMMA,latin
pydaiin,OLEUM,latin
chtody,CORTICE,latin
dykchy,QUAM,latin
dchodaiin,ODORATUM,latin
dolar,FAR,latin
ololy,FLOS,latin
ddy,ALIUS,latin
qodchy,NERVI,latin
dpchy,ARIETE,latin
shochy,HORAS,latin
dytchy,QUAS,latin
qokcheor,NOCERE,latin
kchar,GARUM,occitan
doldy,ALIUS,latin
doldaiin,OLEUM,latin
dchal,DAT,latin
dyty,QUAS,latin
ddor,LUX,latin
qochy,NOS,latin
cholol,FUIT,latin
oldor,LUX,latin
otchaiin,LIMA,latin
ololdy,ALIUS,latin
olchar,DARE,latin
dshe,HE,latin
olsar,SARE,occitan
opchar,DARE,latin
pcho,DEO,latin
qotchaiin,NOTAM,latin
qokchody,NOCATUS,latin
oltchy,SENECIO,latin
chshy,HIC,latin
chykar,QUARE,latin
chokchaiin,DICTUM,latin
olsheor,HORROR,latin
pair,AURUM,latin
cholchedy,MEUS,latin
chechey,DIS,latin
olchdaiin,DUM,latin
qokchaiin,NOCUM,latin
shdchy,HIS,occitan
dchdar,DARE,latin
dshdy,HIS,occitan
opches,DES,occitan
pchedain,DICAN,latin
pchear,DECOR,latin
chtchy,SENECIO,latin
poldy,ALIUS,latin
olos,OS,latin
lsho,HABE,occitan
dytedy,QUALIS,latin
dykedy,QUALIS,latin
olkeody,BEN,occitan
chtedy,TEUS,latin
loldy,ALIUS,latin
chokaly,FACITIS,latin
opchear,DECOR,latin
dchody,ODORATUS,latin
dshody,HORTUS,latin
lchdal,DAT,latin
qokcheey,NOCIS,latin
olchear,DECOR,latin
cholar,FAR,latin
polal,AL,occitan
dos,OS,latin
shchey,HEC,occitan
okechey,FACIS,latin
chpor,OR,occitan
qocheey,NOIS,latin
otcheody,LACTIS,latin
chokeeey,FACIES,latin
chotedy,LAETUS,latin
opain,AN,occitan
chopchey,DES,occitan
chopchedy,DEUS,latin
olteey,TUIS,latin
lolkaiin,AM,latin
dykeedy,QUALIS,latin
olshed,HEU,latin
lpchdy,DATUS,latin
ollchy,DIES,latin
chdol,LAEDIT,latin
oloky,FACIS,latin
ldol,LAEDIT,latin
tchal,TAL,latin
lshdy,HIS,occitan
dkedy,GENUS,latin
oltal,TAL,latin
opcholor,FLORA,latin
cholchey,DES,occitan
lsheol,HERBA,latin
lteey,TUIS,latin
pcheedy,DIUS,latin
dolshedy,HEUS,latin
oltaiin,CUM,latin
polchey,DES,occitan
lchees,DEIS,latin
polchdy,DATUS,latin
lchl,DAT,latin
dkain,BAIN,occitan
polched,DEUS,latin
lchedar,DECOR,latin
lokam,FOCAM,latin
lchs,DES,occitan
chkeedy,BIS,latin
shechy,HEC,occitan
pdal,DICIT,latin
opshedy,HEUS,latin
opoly,FLOS,latin
dolor,FLORA,latin
pdar,DICIT,latin
chdair,LAUR,latin
olpchey,DES,occitan
cholkain,BAIN,occitan
dcheody,DECUS,latin
dsheody,HIRTUS,latin
olkechy,GENS,latin
dcheos,DEOS,latin
olcheody,DECUS,latin
ldain,LAIN,occitan
opcheor,DECOR,latin
okcheor,FACERE,latin
opchody,ODORATUS,latin
okchaiin,FOCUM,latin
chchy,DIES,latin
pcholy,FLOS,latin
lolain,AN,occitan
pshodaiin,HORTUM,latin
poly,FLOS,latin
lkechey,BIS,latin
qokcheedy,NOCITIS,latin
olcheo,DEO,latin
qotechy,NOCES,latin
lsaiin,SUMMA,latin
dyteey,QUIES,latin
paiir,AER,latin
laiiin,AMARA,latin
opched,DEUS,latin
chlar,AD,latin
oporaiin,FORMA,latin
chokchedy,FACITIS,latin
lldy,ALIUS,latin
pal,AL,occitan
pcholky,AC,occitan
lty,SIC,latin
lcheor,DECOR,latin
lchdain,LAIN,occitan
lokeey,FACIS,latin
lcheal,DICIT,latin
pchdam,DICERE,latin
polar,FAR,latin
polor,FLORA,latin
dsheo,HUC,latin
pcheos,DEOS,latin
chotchdy,LAETUS,latin
chokeo,FACIO,latin
chols,FLOS,latin
daral,AURAT,latin
deey,IS,latin
dory,FORS,latin
olols,FLOS,latin
orchy,FORS,latin
pchdol,LAEDIT,latin
lory,FORS,latin
pcheoy,DEOS,latin
pchdair,LAUR,latin
tcheol,TERAT,latin
chpal,AL,occitan
chorol,FORAT,latin
choar,FAR,latin
okcheo,FACIO,latin
polshy,HIC,latin
dedy,EIUS,latin
ochar,FAR,latin
poar,FAR,latin
sair,SATUR,latin
odar,ODAR,occitan
dl,DEL,latin
ychey,DES,occitan
daldy,LATUS,latin
ytal,TAL,latin
tain,TAIN,occitan
okeeody,FACITIS,latin
okody,FOCATUS,latin
tchdy,THUS,latin
ram,RAMUS,latin
qool,FUIT,latin
chodar,DATUR,latin
key,GENUS,latin
potol,LAUDAT,latin
chokody,FOCATUS,latin
ytchaiin,QUANTUM,latin
dkol,GRATIA,latin
chololy,FLOS,latin
ychtaiin,QUANTUM,latin
olchsy,SIC,latin
cholols,FLOS,latin
chopchol,DAT,latin
dey,ES,latin
chaiir,AER,latin
choldar,DICIT,latin
ytcheey,QUIES,latin
dshoy,HORAS,latin
olchoiin,VINUM,latin
schain,SAIN,occitan
deol,ERAT,latin
lokaiin,FOCUM,latin
okchody,FOCATUS,latin
chytchy,QUAS,latin
qochol,FUIT,latin
chorchy,FORS,latin
chopchal,DAT,latin
chair,AURUM,latin
chtchor,SED,latin
ykchaiin,QUAM,latin
olty,SIC,latin
dky,AC,occitan
chopol,FUIT,latin
ochkchar,FOCAR,occitan
doal,DOLOR,latin
chpchol,DAT,latin
chpchey,DES,occitan
dchchy,DIES,latin
schar,SARE,occitan
dolcheey,DIS,latin
choldaiin,OLEUM,latin
choltaiin,CUM,latin
chkor,GRADU,latin
okcheol,FOCERAT,latin
ytchar,QUATER,latin
chlol,FUIT,latin
olody,FIDES,latin
doky,FACIS,latin
chpcheos,DEOS,latin
doty,LAUS,latin
cholody,FIDES,latin
ochaiin,FAMA,latin
cholchaiin,FILUM,latin
choldchy,ALIUS,latin
chdoly,FLOS,latin
odchaiin,FUMUM,latin
ychky,QUOS,latin
okchain,FOCAN,occitan
lolchor,DEA,latin
opom,OM,latin
opshody,HORTUS,latin
dlos,OS,latin
ochdy,FIDES,latin
qotchain,NOCAN,occitan
dchain,DANS,latin
chkey,GENUS,latin
orchaiin,FORMA,latin
pchodar,DATUR,latin
chchoty,DATUS,latin
dchorol,FORAT,latin
chtchey,DES,occitan
chotchol,LAUDAT,latin
chokeor,FACERE,latin
chokcheey,FACIS,latin
dytchor,QUARE,latin
dchoty,DATUS,latin
chechdaiin,DEUM,latin
lchoar,FAR,latin
oltchedy,TEUS,latin
schaiin,SUMMA,latin
shcheaiin,HAMAM,latin
lchaiin,DIEM,latin
chokeeo,FACIO,latin
dchytchy,QUAS,latin
chtain,TAIN,occitan
pchotchy,DATUS,latin
chshol,HABET,latin
pdair,LAUR,latin
lokar,FOCAR,occitan
chdchy,LUCIS,latin
dodaiin,FUMUM,latin
chokeeor,FACERE,latin
chotcheey,LIS,latin
cholty,SIC,latin
olkey,GENUS,latin
choal,DOLOR,latin
oloaiin,FAMA,latin
pshy,HIC,latin
qokchain,NOCAN,occitan
kchain,BAIN,occitan
tchaiin,CUM,latin
opchaiin,DIEM,latin
pchom,OM,latin
dcholdy,ALIUS,latin
chdody,FIDES,latin
pchair,AURUM,latin
cholsho,HABE,occitan
ltchey,DES,occitan
opchety,DATIS,latin
lotal,LAUDAT,latin
lolkeol,GERAT,latin
pcheodchy,DECUS,latin
dodar,ODAR,occitan
chotcheol,LAETO,latin
odchy,FIDES,latin
chokeeody,FACITIS,latin
fchochor,JACEA,latin
psheor,HORROR,latin
olraiin,REM,latin
olcheky,DICIS,latin
pchodal,FUAT,latin
dchom,OM,latin
chochar,FAR,latin
dcham,DAM,latin
doy,FAC,latin
alchy,ALS,occitan
chokcheo,FACIO,latin
kchal,CALE,latin
tchain,TAIN,occitan
ddal,DICIT,latin
olchokal,FACIT,latin
cholkeey,FACITIS,latin
oteodchy,LACTIS,latin
choldal,DICIT,latin
cholaly,ALS,occitan
dalchdy,LATUS,latin
dcholy,FLOS,latin
dtor,SED,latin
olchoy,DOSIS,latin
dytal,TAL,latin
pchshy,HIC,latin
psheey,HIS,occitan
ltar,TARTARUM,latin
kechody,BEN,occitan
dkar,GARUM,occitan
dcheeky,DICIS,latin
choteedy,LAETIS,latin
opcholdy,ALIUS,latin
dokechy,FOCES,latin
dchyky,QUOS,latin
dcholal,AL,occitan
okeechor,FACERE,latin
dchykchy,QUAM,latin
chdchol,DICERE,latin
dsy,SIC,latin
dolaiin,FILUM,latin
doar,FAR,latin
dorchy,FORS,latin
dchedal,DICAT,latin
dychey,DES,occitan
chkeody,BEN,occitan
dchokey,FOCES,latin
ochs,OS,latin
ykchal,QUALE,latin
chsar,SARE,occitan
chda,LA,latin
okodchy,FOCATUS,latin
choteody,LACTIS,latin
opolaiin,FILUM,latin
ddl,DEL,latin
choteos,LOCUS,latin
opaiir,AER,latin
dlal,AL,occitan
otalchy,LAUDIS,latin
opotey,las,occitan
lkchol,GRATIA,latin
chchs,DES,occitan
otechol,LAETO,latin
chsor,SERUM,latin
chpar,AD,latin
echy,ES,latin
ltain,TAIN,occitan
pshar,HORA,latin
ychty,QUAS,latin
dokal,FACIT,latin
dlshedy,HEUS,latin
pokain,FOCAN,occitan
opshdy,HIS,occitan
opshey,HEC,occitan
lkey,GENUS,latin
olchdar,DARE,latin
opchaly,ALS,occitan
chpchedy,DEUS,latin
doteey,LIS,latin
dytey,QUAS,latin
chlaiiin,AMARA,latin
chchky,DECUS,latin
ltaiin,CUM,latin
lchear,DECOR,latin
doraiin,FORMA,latin
dolcheedy,DIUS,latin
ldchey,DES,occitan
ololdal,DICIT,latin
chchty,SIC,latin
drol,ROTA,latin
opaly,ALS,occitan
pykedy,QUALIS,latin
lolkedy,GENUS,latin
dchokol,OPTAT,latin
psheedy,HUIUS,latin
chyteey,QUIES,latin
polkeey,FACITIS,latin
olorol,FORAT,latin
qokechey,NOCIS,latin
pshdy,HIS,occitan
dkeey,BIS,latin
pdol,LAEDIT,latin
olotchedy,LAETUS,latin
oltain,TAIN,occitan
opcheeky,DICIS,latin
lolom,OM,latin
polchy,DIES,latin
polshdy,HIS,occitan
ololchey,DES,occitan
lchpchdy,DATUS,latin
lchedal,DICAT,latin
chechol,DEDIT,latin
olqo,NO,latin
lolol,FUIT,latin
dolol,FUIT,latin
kechey,BIS,latin
loraiin,FORMA,latin
chedchy,DEUS,latin
sheedchy,HUIUS,latin
chldaiin,OLEUM,latin
dolshed,HEU,latin
lldar,DICIT,latin
lols,FLOS,latin
opshed,HEU,latin
dorol,FORAT,latin
dokedy,FACITIS,latin
dolkedy,GENUS,latin
olokar,FOCAR,occitan
lolor,FLORA,latin
darchy,ARS,latin
pdsheody,HIRTUS,latin
ldo,ALBA,latin
polky,AC,occitan
dchdal,DAT,latin
olpchdy,DATUS,latin
opoiin,VINUM,latin
dchdor,LUX,latin
olcheos,DEOS,latin
chdchdy,DATUS,latin
opcho,DEO,latin
olair,AURUM,latin
oleey,IS,latin
lram,RAMUS,latin
ldaly,ALS,occitan
lchdol,LAEDIT,latin
lshechy,HEC,occitan
polkchy,BONUS,latin
ldaiiin,AMARA,latin
choltal,TAL,latin
lshar,HORA,latin
poldaiin,OLEUM,latin
pshody,HORTUS,latin
olpshy,HIC,latin
pchykar,QUARE,latin
ytechy,QUAS,latin
otcheol,LAETO,latin
techol,TERAT,latin
olsheody,HIRTUS,latin
pdan,LAN,latin
opodaiin,FUMUM,latin
loy,FAC,latin
opolsy,SIC,latin
dolchoy,DOSIS,latin
dolshy,HIC,latin
ytchchy,QUAS,latin
opshol,HABET,latin
podar,ODAR,occitan
olsain,SAIN,occitan
dolkain,BAIN,occitan
dolkchy,BONUS,latin
chokchor,FACERE,latin
chopcho,DEO,latin
dsheos,HABES,latin
oparal,AURAT,latin
opsho,HABE,occitan
doldam,DICERE,latin
dykchal,QUALE,latin
chopcheey,DIS,latin
qokcheol,NOCERAT,latin
dokor,FACERE,latin
olch,FUIT,latin
lshody,HORTUS,latin
oldeey,IS,latin
poaiin,FAMA,latin
rchol,ROTA,latin
ledy,EIUS,latin
qokechchy,NOCES,latin
shchdy,HIS,occitan
chechy,ES,latin
otechedy,LAETIS,latin
lokain,FOCAN,occitan
lotar,LAR,latin
oloraiin,FORMA,latin
lshor,HORAM,latin
olldy,ALIUS,latin
lpar,AD,latin
olsheedy,HUIUS,latin
keechdy,BIS,latin
oteechy,LIS,latin
okechol,FOCERAT,latin
okchechy,FOCES,latin
chopar,AD,latin
pcholor,FLORA,latin
olcheeo,DEO,latin
oltcheey,TUIS,latin
chdeey,IS,latin
polchechy,DES,occitan
qoeechdy,NOCITIS,latin
ycheechy,QUIS,latin
cholkchy,BONUS,latin
chpcheor,DECOR,latin
qchor,NOR,latin
chochs,OS,latin
lsair,SATUR,latin
olcho,DEO,latin
olpshedy,HEUS,latin
otcheos,LOCUS,latin
dchees,DEIS,latin
chdedy,EIUS,latin
olpcheey,DIS,latin
opcheo,DEO,latin
chdos,OS,latin
lraiin,REM,latin
oltchdy,THUS,latin
chopchdy,DATUS,latin
okcheeo,FACIO,latin
otcheedy,LAETIS,latin
shedchy,HEUS,latin
lpcheo,DEO,latin
lpchey,DES,occitan
dlchy,DIES,latin
chdaldy,LATUS,latin
lpaiin,AMARA,latin
lsheo,HUC,latin
olcham,DAM,latin
chotchedy,LAETUS,latin
kcheedy,BIS,latin
chpaiin,AMARA,latin
chykaiin,QUAM,latin
dlkal,CALE,latin
pcholkal,CALE,latin
lpcheedy,DIUS,latin
pokar,FOCAR,occitan
olpair,AURUM,latin
cheodchy,DECUS,latin
chsy,SIC,latin
chlam,AM,latin
polchal,AL,occitan
porol,FORAT,latin
qoeechy,NOIS,latin
chlal,AL,occitan
llchey,MEIS,latin
olaiiin,AMARA,latin
dchedar,DECOR,latin
lchechdy,MEUS,latin
opchedal,DICAT,latin
olchal,DAT,latin
qokeechey,NOCIS,latin
qochdaiin,NOVUM,latin
opchdal,DAT,latin
pcholkeedy,FACITIS,latin
okeechy,FACIS,latin
olchain,DANS,latin
pom,OM,latin
opchdar,DARE,latin
qochaiin,NOMEN,latin
chykeedy,QUALIS,latin
pchoraiin,FORMA,latin
opcheeo,DEO,latin
pched,DEUS,latin
qokchal,NOCAT,latin
lkchy,BONUS,latin
otchechy,LAS,occitan
chdo,ALBA,latin
okecheey,FACIES,latin
lkcheol,GERAT,latin
chaiiin,AMARA,latin
lkchor,GRADU,latin
loaiin,FAMA,latin
lcholkaiin,AM,latin
lodar,ODAR,occitan
chtchol,TERTIO,latin
pokeey,FACIS,latin
chcheey,DIS,latin
choltar,TARTARUM,latin
chotair,LAUR,latin
llor,LOR,occitan
chokair,FOCARI,latin
loar,FAR,latin
lsar,SARE,occitan
chdodaiin,FUMUM,latin
lair,AURUM,latin
lcheos,DEOS,latin
chcheky,DICIS,latin
olchedaiin,DEUM,latin
pchdal,DAT,latin
dchedain,DICAN,latin
olkeechdy,BIS,latin
dchedaiin,DEUM,latin
dolkeedy,FACITIS,latin
ykechey,QUAM,latin
chchdy,DATUS,latin
chsho,HABE,occitan
rchar,RARO,latin
qokchar,NOCAR,occitan
chpchar,DARE,latin
opchdain,LAIN,occitan
opoloiin,VINUM,latin
olchees,DEIS,latin
dpchedy,DEUS,latin
lkechdy,GENUS,latin
lchain,DANS,latin
opchees,DEIS,latin
chlor,LOR,occitan
chddy,ALIUS,latin
lcham,DAM,latin
ltchdy,THUS,latin
llchs,DES,occitan
lror,RORIS,latin
llory,FORS,latin
lrain,RAN,latin
dtal,TAL,latin
shechol,HERBA,latin
ollain,AN,occitan
dlar,AD,latin
lkechy,GENS,latin
orain,FRAN,occitan
qokair,NOCARI,latin
aldy,ALTUS,latin
okees,FACIS,latin
ycheo,QUEO,latin
qopchdy,DATUS,latin
qokeed,NOCUIT,latin
lo,LO,latin
shedaiin,OLEUM,latin
ykeody,QUALITAS,latin
ycheol,DEDIT,latin
cheeor,DICOR,latin
ly,ET,latin
oey,FECES,latin
sheeky,HIBIS,latin
ytain,TAIN,occitan
yteody,QUALITAS,latin
cheeody,DECUS,latin
ry,RES,latin
otody,LATUS,latin
shes,HABES,latin
rchy,RES,latin
dolody,FIDES,latin
otchody,LATUS,latin
ochey,FECES,latin
choey,FECES,latin
lochey,FECES,latin
pochaiin,FAMA,latin
dly,ET,latin
chorain,FRAN,occitan
pcheeody,DECUS,latin
chdalchdy,LATUS,latin
dolsain,SAIN,occitan
dotody,LATUS,latin
opshes,HABES,latin
dchdaldy,LATUS,latin
dorain,FRAN,occitan
chotody,LATUS,latin
opaldy,ALTUS,latin
alchdy,ALTUS,latin
dchsy,SIC,latin
chotchody,LATUS,latin
ykcheody,QUALITAS,latin
chdolaiin,FILUM,latin
olaldy,ALTUS,latin
dcheeody,DECUS,latin
ykechody,QUALITAS,latin
chly,ET,latin
chokees,FACIS,latin
chpsheedy,HUIUS,latin
porain,FRAN,occitan
dytain,TAIN,occitan
lcheeor,DICOR,latin
sheekchy,HIBIS,latin
chry,RES,latin
otodchy,LATUS,latin
chyteody,QUALITAS,latin
cholcham,DAM,latin
dshes,HABES,latin
ychtain,TAIN,occitan
pshedaiin,OLEUM,latin
llo,LO,latin
pochey,FECES,latin
opalchdy,ALTUS,latin
rchchy,RES,latin
lshes,HABES,latin
qoteol,NOCERAT,latin
eo,DEO,latin
shain,HAN,latin
yol,QUAT,latin
ychol,QUAT,latin
qotcheol,NOCERAT,latin
teedy,SITIS,latin
keeey,BIS,latin
qolchedy,NASUS,latin
chkeeey,BIS,latin
dchschy,SIC,latin
opchaldy,ALTUS,latin
lteedy,SITIS,latin
olteedy,SITIS,latin
olkeeey,BIS,latin
techedy,SITIS,latin
olkeechey,BIS,latin
chllo,LO,latin
polkeeey,BIS,latin
lkeeey,BIS,latin
lkeechey,BIS,latin
keechey,BIS,latin
cholkeeey,BIS,latin
oteor,LEO,latin
otoldy,LATUS,latin
qolchey,NAS,latin
qoor,NOX,latin
chr,DA,latin
cheeey,DIES,latin
toy,TOS,latin
alol,ALOE,latin
teody,SANC,latin
oor,VER,latin
keeody,BINUS,latin
solchedy,SALSUS,latin
tshedy,THUS,latin
cheeos,DIES,latin
koldy,BOLUS,latin
qodal,NONAE,latin
otaldy,LATUS,latin
qoly,NAS,latin
ochor,VER,latin
kchody,ANNUS,latin
oteodar,LAVAR,occitan
chedam,DUM,latin
sody,SANC,latin
okoy,FAC,latin
cher,DA,latin
cheoldy,DENS,latin
alal,ALOE,latin
alkaiin,ALBUM,latin
qos,NAS,latin
teor,CERA,latin
ochol,FEL,latin
okoly,FAC,latin
dalchedy,LATUS,latin
teeedy,SITIS,latin
tchos,TOS,latin
otcheor,LEO,latin
tshdy,THUS,latin
kaldy,BOLUS,latin
tos,TOS,latin
qoody,NODUS,latin
okeoly,FAC,latin
teeody,SIDUS,latin
solchey,SANC,latin
oeody,VERIS,latin
okchoy,FAC,latin
cheaiin,DUM,latin
qoeor,NOX,latin
rodaiin,RENUM,latin
sodaiin,SANUM,latin
tcheor,CERA,latin
okolchy,FAC,latin
sodal,SANAT,latin
tedaiin,SEVUM,latin
otodar,LAVAR,occitan
todal,SANAT,latin
teodal,SANAT,latin
shoor,HORA,latin
oiir,VER,latin
tedam,CUM,latin
doiir,VER,latin
dalol,ALOE,latin
olkeeody,BINUS,latin
lkeeody,BINUS,latin
tcheody,SANC,latin
choor,VER,latin
dalal,ALOE,latin
dcheeos,DIES,latin
schody,SANC,latin
chkoldy,BOLUS,latin
chochor,VER,latin
dcheeey,DIES,latin
otchodar,LAVAR,occitan
opalal,ALOE,latin
qolchy,NAS,latin
lchedam,DUM,latin
opalkaiin,ALBUM,latin
olteody,SANC,latin
kair,BAIR,occitan
oos,VETUS,latin
olkair,BAIR,occitan
lkair,BAIR,occitan
shory,RES,latin
sholdy,ALIUS,latin
sory,FORS,latin
okan,FACAN,latin
yshey,HEC,occitan
kos,GAS,latin
shos,SED,latin
ydain,LAIN,occitan
shodain,LAIN,occitan
ycho,DEO,latin
shoaiin,AMARA,latin
ypchol,DAT,latin
ydy,ALIUS,latin
dals,SED,latin
ychain,DANS,latin
dalor,LOR,occitan
shan,HAN,latin
qotcho,SCABIE,latin
cholo,LO,latin
qoteeey,NOCEIS,latin
ycheor,DECOR,latin
schey,DES,occitan
ysheor,HORROR,latin
sols,FLOS,latin
qodair,LAUR,latin
sam,AM,latin
qopchor,DEA,latin
qopol,FUIT,latin
koaiin,GAUM,latin
qoteeol,NOCEERAT,latin
qodar,DICIT,latin
chodaly,ALS,occitan
okary,ET,latin
shkaiin,HCUM,latin
cheory,RES,latin
qokshy,NOCHS,latin
shokchy,BONUS,latin
sheeor,HIOR,latin
shoky,AC,occitan
otan,LAN,latin
qoeeey,NOEIS,latin
shees,HIS,occitan
chotols,SED,latin
ytaly,ET,latin
ysho,HABE,occitan
qoar,AD,latin
oees,FIS,latin
qoair,AURUM,latin
sos,OS,latin
dady,ALIUS,latin
ytody,CORTICE,latin
qoos,OS,latin
keor,GEOR,latin
cheodaiin,OLEUM,latin
qopchy,ARIETE,latin
sheodaiin,FUMUM,latin
tey,TES,latin
ytchody,CORTICE,latin
cheen,DIN,latin
orchey,DES,occitan
sary,ARS,latin
ytol,TERTIO,latin
yaiin,AMARA,latin
ykey,GENUS,latin
ypchy,ARIETE,latin
odol,FUAT,latin
oody,FNUS,latin
osain,AN,occitan
otydy,ALIUS,latin
tshol,THAT,latin
odl,FUT,latin
ykchor,GRADU,latin
ydal,DICIT,latin
ykor,GRADU,latin
okos,FACAS,latin
okshy,FACHS,latin
shoty,SIC,latin
ychy,DIES,latin
dydy,ALIUS,latin
tshor,THOR,latin
koly,ET,latin
okear,FACEAR,latin
oain,FAN,latin
kan,GAN,latin
qopchey,DES,occitan
orom,OM,latin
ykair,BAIR,occitan
shotchy,SENECIO,latin
daram,RAMUS,latin
qodam,DICERE,latin
soy,FAC,latin
keeor,GIOR,latin
chool,FUIT,latin
qoain,AN,occitan
eor,RECIPE,latin
cheeol,DIAT,latin
okaldy,ALIUS,latin
qokeees,NOCIES,latin
daror,RORIS,latin
qotshy,NOCHS,latin
shdaiin,HUUM,latin
darom,OM,latin
ychoy,DOSIS,latin
shosaiin,SUMMA,latin
qoteeody,SIDUS,latin
qotshey,NOCHS,latin
sheoy,FAC,latin
soaiin,FAMA,latin
shokaiin,AM,latin
ypchey,DES,occitan
yteol,TERAT,latin
ytchol,TERTIO,latin
teeol,TEERAT,latin
qokoldy,BOLUS,latin
ykain,BAIN,occitan
kshol,GHAT,latin
okeal,FACEAT,latin
sshey,HEC,occitan
oeeey,FEIS,latin
odor,FUOR,latin
ypchedy,DEUS,latin
chekedy,DECTIS,latin
rchedy,DEUS,latin
ypchdy,DATUS,latin
chekaiin,DECUM,latin
ytchdy,THUS,latin
okeeos,SED,latin
ysaiin,SUMMA,latin
ysheey,HIS,occitan
okeshy,FACEHS,latin
cheokeey,BIS,latin
soly,FLOS,latin
shepchy,ARIETE,latin
kody,GNUS,latin
rchey,DES,occitan
qokeeor,RECIPE,latin
dairy,ET,latin
qokees,NOCIS,latin
rair,AURUM,latin
chekey,DECS,latin
keeol,GEERAT,latin
saiir,AER,latin
arar,AD,latin
als,SED,latin
shedal,DICIT,latin
oedy,FTIS,latin
otas,LAS,occitan
alaiin,AMARA,latin
okeos,SED,latin
eos,SED,latin
shokey,GENUS,latin
qokaldy,BOLUS,latin
chekeedy,DECITIS,latin
shekal,CALE,latin
darar,RARO,latin
oram,AM,latin
yl,QUT,latin
okes,FACES,latin
chesy,ET,latin
ykchdy,ACUTUS,latin
orair,AURUM,latin
qorain,RAN,latin
oral,AL,occitan
rom,OM,latin
otoly,ET,latin
ykchody,ANNUS,latin
choror,RORIS,latin
sholy,ET,latin
cheoky,AC,occitan
shotol,TERTIO,latin
oteeol,LIAT,latin
qolain,AN,occitan
qokeedar,AD,latin
chls,SED,latin
qolkain,BAIN,occitan
sarol,FUIT,latin
cheodal,DICIT,latin
ykchey,GENS,latin
chekody,DECNUS,latin
das,SED,latin
okoldy,ALIUS,latin
aram,AM,latin
schedy,DEUS,latin
arol,FUIT,latin
arody,FIDES,latin
alshey,HEC,occitan
ycheoky,AC,occitan
schdy,DATUS,latin
shekey,GENUS,latin
ykeeody,BINUS,latin
sheols,FLOS,latin
kary,ET,latin
qopor,OR,occitan
otoy,LAS,occitan
sheokey,FOCES,latin
sarar,AD,latin
ypar,AD,latin
qotaly,ET,latin
qotody,CORTICE,latin
kshdy,GHUS,latin
otary,ET,latin
raraiin,AMARA,latin
qoedy,EIUS,latin
alody,FIDES,latin
otedol,LAUAT,latin
ochedy,FTIS,latin
aldar,DICIT,latin
qolkeey,BIS,latin
daldaiin,OLEUM,latin
osaiin,AMARA,latin
shekeey,BIS,latin
qokdy,NOCUS,latin
shokeey,BIS,latin
ypair,AURUM,latin
alchey,DES,occitan
otees,LIS,latin
choshy,HIC,latin
qodain,LAIN,occitan
qotchody,CORTICE,latin
rcheey,DIS,latin
olr,RECIPE,latin
solkaiin,AM,latin
ykeeey,BIS,latin
eody,ALIUS,latin
tchodaiin,OLEUM,latin
cheodar,DICIT,latin
shodol,LAEDIT,latin
cheodain,LAIN,occitan
oteees,LIES,latin
shoar,AD,latin
sodar,ODAR,occitan
otos,LAS,occitan
shodal,DICIT,latin
qopchol,DAT,latin
pcheodar,DICIT,latin
qoeol,ERAT,latin
yey,ES,latin
ychedy,DEUS,latin
cheoar,AD,latin
shoey,ES,latin
sher,RECIPE,latin
arary,ARS,latin
cheoly,ET,latin
alam,AM,latin
otalal,AL,occitan
orar,AD,latin
okalal,AL,occitan
dalar,AD,latin
osal,AL,occitan
oteeor,LIOR,latin
otalor,OR,occitan
cheekey,DICS,latin
alkar,GARUM,occitan
yteor,CERA,latin
shokar,GARUM,occitan
okalody,FIDES,latin
alom,OM,latin
okalor,OR,occitan
skaiin,AM,latin
shokal,CALE,latin
dalam,AM,latin
ykaly,ET,latin
alor,OR,occitan
dairal,AL,occitan
alar,AD,latin
qolaiin,AMARA,latin
qokairor,OR,occitan
qoal,AL,occitan
cheoey,ES,latin
qokeal,NOCEAT,latin
aldaiin,OLEUM,latin
qokeos,NOCEAS,latin
okalar,AD,latin
qokeeos,SED,latin
shety,SIC,latin
rary,ARS,latin
chekeey,DECIS,latin
qokeeody,BINUS,latin
qopaiin,AMARA,latin
sheodal,FUAT,latin
dairody,FIDES,latin
sshedy,HEUS,latin
okshedy,FACHTIS,latin
shedar,DICIT,latin
dalaiin,AMARA,latin
oteeos,LIAS,latin
saral,AURAT,latin
ycheody,DECUS,latin
chedaly,ALS,occitan
qokeeedy,NOCITIS,latin
oeey,FIS,latin
oteeody,LINUS,latin
otory,ET,latin
cheoty,SIC,latin
ycheeo,DEO,latin
otairor,OR,occitan
darol,ROTA,latin
shkeey,HCIS,latin
okeodar,DICIT,latin
dalo,LO,latin
cheyky,AC,occitan
chsdy,ALIUS,latin
aiiny,ET,latin
qoteor,CERA,latin
okeodal,DICIT,latin
okeear,FACIAR,latin
sheeody,HINUS,latin
otes,LAS,occitan
sheeey,HIS,occitan
alain,AN,occitan
qokeeol,NOCEOT,latin
cheols,SED,latin
cheokey,GENUS,latin
cheesy,ET,latin
saraiin,AMARA,latin
otear,LAAR,latin
saly,ALS,occitan
qokshdy,NOCHUS,latin
qokan,NOCAN,occitan
qokshedy,NOCHTIS,latin
okalol,FUIT,latin
solkedy,GENUS,latin
yshedy,HEUS,latin
rshedy,HEUS,latin
sokeedy,FACITIS,latin
dalkar,GARUM,occitan
chealy,ET,latin
ycheedy,DIUS,latin
okshey,FACHS,latin
chekain,DECAN,latin
qokas,NOCAS,latin
ysheedy,HUIUS,latin
rorol,FORAT,latin
solkeey,FACITIS,latin
qotees,NOCIS,latin
qoeeedy,NOEITIS,latin
roiin,VINUM,latin
okeeedy,FACITIS,latin
qolkeedy,BIS,latin
alchedy,DEUS,latin
san,SAN,latin
qodeedy,NOUITIS,latin
sheoky,FACIS,latin
qoteeedy,SITIS,latin
qokear,NOCEAR,latin
qopshedy,HEUS,latin
qolky,AC,occitan
rsheedy,HUIUS,latin
yched,DEUS,latin
solkeedy,FACITIS,latin
okaral,AL,occitan
loeey,IS,latin
chedol,FUIT,latin
qokl,NOCT,latin
qotshdy,THUS,latin
aror,OR,occitan
ychedar,DECOR,latin
kas,GAS,latin
qotshedy,THUS,latin
oteeedy,LITIS,latin
otshdy,LHUS,latin
otaram,AM,latin
qokshey,NOCHS,latin
cheokain,BAIN,occitan
oeedy,FITIS,latin
ocheey,FIS,latin
keeedy,GEITIS,latin
okory,ET,latin
otalshedy,HEUS,latin
solkain,BAIN,occitan
oroly,FLOS,latin
roly,FLOS,latin
shkain,HCAN,latin
oraiiin,AMARA,latin
qokeedal,AL,occitan
solshedy,HEUS,latin
qotedaiin,SEVUM,latin
dalshdy,HIS,occitan
otedaiin,LAUUM,latin
oror,OR,occitan
qopar,AD,latin
otarar,AD,latin
yteeody,SIDUS,latin
qoteody,SANC,latin
araiin,AMARA,latin
alky,AC,occitan
qopcheey,DIS,latin
airody,FIDES,latin
cheedaiin,DIUUM,latin
soraiin,FORMA,latin
chekol,DECAT,latin
sheom,OM,latin
shokol,GRATIA,latin
qoeeor,NOIOR,latin
shekain,BAIN,occitan
alkain,BAIN,occitan
shedain,LAIN,occitan
chosaiin,SUMMA,latin
daiindy,ALIUS,latin
qoeeody,NOINUS,latin
sarain,AN,occitan
oteal,LAAT,latin
cheekain,DICAN,latin
oteeey,LIS,latin
qokedaiin,NOCEUUM,latin
sairy,ET,latin
oleedy,FTITIS,latin
qoiin,NOMN,latin
qokedain,NOCEUAN,latin
alkeedy,BIS,latin
charam,AM,latin
charain,AN,occitan
okedaiin,FACEUUM,latin
okedain,FACEUAN,latin
raram,AM,latin
qokeain,NOCEAN,latin
qokeedain,AN,occitan
daraiin,AMARA,latin
kcheor,GEOR,latin
ochody,FNUS,latin
chykey,GENUS,latin
kchos,GAS,latin
chydy,ALIUS,latin
opydy,ALIUS,latin
okchan,FACAN,latin
otchos,LAS,occitan
chals,SED,latin
qopchar,AD,latin
dychedy,DEUS,latin
shetchy,SIC,latin
qokalchdy,BOLUS,latin
ychdy,ALIUS,latin
choody,FNUS,latin
chokan,FACAN,latin
pochedy,FTIS,latin
chodol,FUAT,latin
olalor,OR,occitan
dorar,AD,latin
choeey,FIS,latin
dcheoky,AC,occitan
lshety,SIC,latin
dalom,OM,latin
dshees,HIS,occitan
rolchy,FLOS,latin
lkeeor,GIOR,latin
otches,LAS,occitan
chalkar,GARUM,occitan
olkeeor,GIOR,latin
choedy,FTIS,latin
olkeeedy,GEITIS,latin
qochedy,EIUS,latin
kcheeor,GIOR,latin
lkeeol,GEERAT,latin
alchor,OR,occitan
lkeeedy,GEITIS,latin
toror,TERRA,latin
oeor,VER,latin
tchols,TRES,latin
qoekedy,NOCTIS,latin
seor,SEX,latin
sharam,HORAM,latin
tcheos,TRES,latin
salol,SOLEL,latin
aloees,ARIES,latin
chedor,DUO,latin
scheor,SEX,latin
scheol,SOL,latin
pchodol,FUAT,latin
shod,HAT,latin
shoshy,HAHS,latin
sey,SES,latin
kodaiin,GAUAMN,latin
kod,GAT,latin
yto,QUCO,latin
okaiir,FCAMR,latin
shok,HAC,latin
ro,RO,latin
doin,LAIN,occitan
far,JAR,latin
okay,FCAS,latin
kokaiin,GACAMN,latin
deeo,LIO,latin
koshey,GAHES,latin
chok,DAC,latin
chodo,DAUO,latin
otcho,FCO,latin
ytoldy,QUCATUS,latin
ykody,QUCAUS,latin
so,SO,latin
yor,QUAR,latin
an,AN,occitan
kcho,GO,latin
qopal,NAPAT,latin
qotoy,NACAS,latin
ykoaiin,QUCAAMN,latin
daiidy,LAMUS,latin
ees,IS,latin
een,IN,latin
eeor,IAR,latin
chekeol,DECEAT,latin
shoo,HAO,latin
chodair,DAUAIR,latin
sheam,HEAM,latin
ytoy,QUCAS,latin
tydy,TSUS,latin
koraiin,GARAMN,latin
sheyr,HESR,latin
ksheo,GHEO,latin
kchoy,GAS,latin
ytchoy,QUCAS,latin
torchy,TARS,latin
qokoy,NACAS,latin
qotcheo,NACEO,latin
qotoeey,NACAIS,latin
ykoiin,QUCAMN,latin
cheotol,DEACAT,latin
foar,JAAR,latin
kshor,GHAR,latin
ykeor,QUCEAR,latin
yaiir,QUAMR,latin
odam,FUAM,latin
ychar,QUAR,latin
shool,HAAT,latin
oeeo,FIO,latin
ychear,QUEAR,latin
ytchos,QUCAS,latin
yodaiin,QUAUAMN,latin
ytcho,QUCO,latin
oam,FAM,latin
fchodaiin,JAUAMN,latin
shopchey,HAPES,latin
dold,LATT,latin
qokcho,NACO,latin
oaiir,FAMR,latin
kchod,GAT,latin
oeear,FIAR,latin
sheod,HEAT,latin
dais,LAIS,latin
keeo,GIO,latin
chopy,DAPS,latin
choto,DACO,latin
ocho,FO,latin
kchokchy,GACS,latin
chsey,DSES,latin
scheaiin,SEAMN,latin
chean,DEAN,latin
cheain,DEAIN,latin
sorain,SARAIN,latin
chodey,DAUES,latin
toiin,TAMN,latin
qotod,NACAT,latin
chokcho,DACO,latin
chod,DAT,latin
oeees,FIES,latin
toldy,TATUS,latin
ksheody,GHEAUS,latin
kaiiin,GAMIN,latin
ytoiin,QUCAMN,latin
shoiin,HAMN,latin
soody,SAAUS,latin
qokchd,NACT,latin
ksho,GHO,latin
torshor,TARHAR,latin
ytshy,QUCHS,latin
ykoly,QUCATS,latin
oko,FCO,latin
qokod,NACAT,latin
dairo,LAIRO,latin
soiiin,SAMIN,latin
oir,FIR,latin
soshy,SAHS,latin
fchol,JAT,latin
koiin,GAMN,latin
ypchor,QUPAR,latin
ykykaiin,QUCSCAMN,latin
ykshy,QUCHS,latin
dydydy,LSUSUS,latin
dardy,LARUS,latin
chokshor,DACHAR,latin
keoy,GEAS,latin
oro,FRO,latin
qotchod,NACAT,latin
dairin,LAIRIN,latin
ydair,QUUAIR,latin
ychekchy,QUECS,latin
tsho,THO,latin
ychody,QUAUS,latin
qokcheo,NACEO,latin
olo,FTO,latin
eees,IES,latin
oshor,FHAR,latin
otchdal,FCUAT,latin
qoeees,NAIES,latin
ykcho,QUCO,latin
ykam,QUCAM,latin
chordy,DARUS,latin
qokorar,NACARAR,latin
yd,QUT,latin
odaiir,FUAMR,latin
chetody,DECAUS,latin
qopy,NAPS,latin
doiiin,LAMIN,latin
oeeoy,FIAS,latin
chosy,DASS,latin
osho,FHO,latin
chotshol,DACHAT,latin
todaiin,TAUAMN,latin
doroiin,LARAMN,latin
otdy,FCUS,latin
qod,NAT,latin
ykcheor,QUCEAR,latin
fcholdy,JATUS,latin
qok,NAC,latin
qoto,NACO,latin
oeeeos,FIEAS,latin
qekar,NECAR,latin
qoear,NAEAR,latin
tod,TAT,latin
sham,HAM,latin
tchodar,TAUAR,latin
otaiir,FCAMR,latin
okcho,FCO,latin
ool,FAT,latin
sheear,HIAR,latin
eedy,IUS,latin
sas,SAS,latin
qoteedar,NACIUAR,latin
tcheo,TEO,latin
oiiin,FMIN,latin
alys,ATSS,latin
saldy,SATUS,latin
toeedy,TAIUS,latin
sches,SES,latin
odaiiin,FUAMIN,latin
keeod,GIAT,latin
shkeeo,HCIO,latin
shkol,HCAT,latin
daiis,LAMS,latin
yk,QUC,latin
qokaiiin,NACAMIN,latin
cheod,DEAT,latin
fcheody,JEAUS,latin
qoko,NACO,latin
soin,SAIN,occitan
choko,DACO,latin
scheo,SEO,latin
chepchy,DEPS,latin
sheoldy,HEATUS,latin
chepar,DEPAR,latin
sheeo,HIO,latin
yches,QUES,latin
okedam,FCEUAM,latin
podair,MAUAIR,latin
qotolcheo,NACATEO,latin
ykeeo,QUCIO,latin
oked,FCET,latin
ykeos,QUCEAS,latin
eeey,IES,latin
ksheey,GHIS,latin
ytsho,QUCHO,latin
kcheodaiin,GEAUAMN,latin
odan,FUAN,latin
alaiiin,ATAMIN,latin
chekar,DECAR,latin
cheekaiin,DICAMN,latin
ytam,QUCAM,latin
okardy,FCARUS,latin
tokar,TACAR,latin
arl,ART,latin
shkair,HCAIR,latin
kam,GAM,latin
chetey,DECES,latin
tam,TAM,latin
aikhy,AICHS,latin
ykeo,QUCEO,latin
shek,HEC,occitan
tchdaiin,TUAMN,latin
chekal,DECAT,latin
qokedar,NACEUAR,latin
scheey,SIS,latin
chkaly,DCATS,latin
podaiir,MAUAMR,latin
todain,TAUAIN,latin
qokoiiin,NACAMIN,latin
keo,GEO,latin
tedo,TEUO,latin
shekshey,HECHES,latin
eeedy,IEUS,latin
fchedy,JEUS,latin
ykeols,QUCEATS,latin
ytodaiin,QUCAUAMN,latin
oraly,FRATS,latin
ald,ATT,latin
chek,DEC,latin
fchor,JAR,latin
shekam,HECAM,latin
keodar,GEAUAR,latin
ordaiin,FRUAMN,latin
aiis,AMS,latin
kcheo,GEO,latin
karar,GARAR,latin
toar,TAAR,latin
todar,TAUAR,latin
taraiin,TARAMN,latin
solaiin,SATAMN,latin
aithy,AICHS,latin
toees,TAIS,latin
chetar,DECAR,latin
cheked,DECET,latin
qekchdy,NECUS,latin
oleeol,FTIAT,latin
ykeeol,QUCIAT,latin
shotaiin,HACAMN,latin
yshol,QUHAT,latin
cheam,DEAM,latin
qocho,NAO,latin
chetaiin,DECAMN,latin
odeey,FUIS,latin
kedar,GEUAR,latin
shohy,HAHS,latin
qoiiin,NAMIN,latin
sheeeky,HIECS,latin
pshdar,MHUAR,latin
tshed,THET,latin
odeedy,FUIUS,latin
arodl,ARAUT,latin
okedal,FCEUAT,latin
ytshedy,QUCHEUS,latin
chepy,DEPS,latin
okedar,FCEUAR,latin
oteod,FCEAT,latin
oair,FAIR,occitan
tsheody,THEAUS,latin
dairl,LAIRT,latin
shaikhy,HAICHS,latin
tcholol,TATAT,latin
dail,LAIT,latin
tshedar,THEUAR,latin
qotsheod,NACHEAT,latin
sheedo,HIUO,latin
fchdy,JUS,latin
okas,FCAS,latin
ykaiir,QUCAMR,latin
kchdal,GUAT,latin
tchod,TAT,latin
tedain,TEUAIN,latin
qoteo,NACEO,latin
chetedy,DECEUS,latin
alkey,ATCES,latin
ykeeedy,QUCIEUS,latin
oteed,FCIT,latin
tolkain,TATCAIN,latin
kaly,GATS,latin
keedal,GIUAT,latin
qotan,NACAN,latin
chodr,DAUR,latin
qokchod,NACAT,latin
okeod,FCEAT,latin
qoteees,NACIES,latin
keodaiin,GEAUAMN,latin
ariin,ARMN,latin
sheekar,HICAR,latin
tair,TAIR,latin
qekaiin,NECAMN,latin
ykeeod,QUCIAT,latin
arod,ARAT,latin
oshol,FHAT,latin
cheeal,DIAT,latin
oteo,FCEO,latin
ytair,QUCAIR,latin
koldal,GATUAT,latin
qotam,NACAM,latin
shopchy,HAPS,latin
orcheey,FRIS,latin
okod,FCAT,latin
qoo,NAO,latin
qeol,NEAT,latin
aildy,AITUS,latin
yair,QUAIR,latin
aldam,ATUAM,latin
oekaiin,FECAMN,latin
tchedor,TEUAR,latin
as,AS,latin
otaky,FCACS,latin
tchoky,TACS,latin
cheotey,DEACES,latin
otchod,FCAT,latin
qokedam,NACEUAM,latin
odair,FUAIR,latin
dairol,LAIRAT,latin
karody,GARAUS,latin
okchod,FCAT,latin
daro,LARO,latin
teodar,TEAUAR,latin
chepchey,DEPES,latin
oleeey,FTIES,latin
otalar,FCATAR,latin
sheain,HEAIN,latin
oteeoaly,FCIAATS,latin
kshar,GHAR,latin
oekeody,FECEAUS,latin
ys,QUS,latin
ykeeshy,QUCIHS,latin
qotair,NACAIR,latin
fchey,JES,latin
oreeey,FRIES,latin
qoeear,NAIAR,latin
alos,ATAS,latin
qokiir,NACMR,latin
okeeam,FCIAM,latin
sheoltey,HEATCES,latin
shekar,HECAR,latin
sydy,SSUS,latin
fol,JAT,latin
sheek,HIC,latin
raral,RARAT,latin
qokshd,NACHT,latin
qotedal,NACEUAT,latin
shetey,HECES,latin
cheer,DIR,latin
qokaiir,NACAMR,latin
akar,ACAR,latin
tosheo,TAHEO,latin
okchdal,FCUAT,latin
teeodaiin,TIAUAMN,latin
keeodal,GIAUAT,latin
soar,SAAR,latin
sheees,HIES,latin
cheteey,DECIS,latin
okeosar,FCEASAR,latin
sotey,SACES,latin
sheokeey,HEACIS,latin
oteodal,FCEAUAT,latin
otoky,FCACS,latin
dalary,LATARS,latin
aloiin,ATAMN,latin
yteos,QUCEAS,latin
qokeochy,NACEAS,latin
oeeos,FIAS,latin
oekey,FECES,latin
chso,DSO,latin
osheey,FHIS,latin
cheeteey,DICIS,latin
odchey,FUES,latin
tsheeor,THIAR,latin
otchoky,FCACS,latin
cheoal,DEAAT,latin
cheorol,DEARAT,latin
shdar,HUAR,latin
okolshy,FCATHS,latin
seeey,SIES,latin
qety,NECS,latin
eeody,IAUS,latin
sheetey,HICES,latin
salar,SATAR,latin
shsdy,HSUS,latin
oteeys,FCISS,latin
choikhy,DAICHS,latin
teeos,TIAS,latin
ykeeos,QUCIAS,latin
aloly,ATATS,latin
dairam,LAIRAM,latin
yteeo,QUCIO,latin
otaldal,FCATUAT,latin
otoar,FCAAR,latin
oteeal,FCIAT,latin
choekeey,DAECIS,latin
cheeod,DIAT,latin
qetal,NECAT,latin
okeeal,FCIAT,latin
ykees,QUCIS,latin
shopcho,HAPO,latin
oteeo,FCIO,latin
okeedaly,FCIUATS,latin
sheodaly,HEAUATS,latin
oteedar,FCIUAR,latin
teodaiin,TEAUAMN,latin
shoteeody,HACIAUS,latin
otodal,FCAUAT,latin
cheokeeo,DEACIO,latin
oto,FCO,latin
okeodaly,FCEAUATS,latin
shldy,HTUS,latin
cheolor,DEATAR,latin
alo,ATO,latin
qokeodal,NACEAUAT,latin
otais,FCAIS,latin
yly,QUTS,latin
okeeoy,FCIAS,latin
alkam,ATCAM,latin
oeol,FEAT,latin
otedar,FCEUAR,latin
cholairy,DATAIRS,latin
oteoldy,FCEATUS,latin
tear,TEAR,latin
daraly,LARATS,latin
toly,TATS,latin
ytedar,QUCEUAR,latin
ykaipy,QUCAIPS,latin
alshy,ATHS,latin
qey,NES,latin
day,LAS,occitan
qoked,NACET,latin
sheety,HICS,latin
rshey,RHES,latin
keed,GIT,latin
taral,TARAT,latin
qokydy,NACSUS,latin
qoted,NACET,latin
okeedal,FCIUAT,latin
cheed,DIT,latin
qotes,NACES,latin
qeeey,NIES,latin
okeed,FCIT,latin
qolal,NATAT,latin
yksheol,QUCHEAT,latin
otalam,FCATAM,latin
rory,RARS,latin
polarar,MATARAR,latin
qoteed,NACIT,latin
shedam,HEUAM,latin
oleeedy,FTIEUS,latin
deedy,LIUS,latin
sheolol,HEATAT,latin
qodeey,NAUIS,latin
salkeedy,SATCIUS,latin
psheoldy,MHEATUS,latin
shtal,HCAT,latin
ychees,QUIS,latin
qeedy,NIUS,latin
sheed,HIT,latin
qeey,NIS,latin
oin,FIN,latin
cheety,DICS,latin
shdal,HUAT,latin
tchedar,TEUAR,latin
qedy,NEUS,latin
salchedy,SATEUS,latin
qotas,NACAS,latin
soey,SAES,latin
shekedy,HECEUS,latin
qeedar,NIUAR,latin
sheekeey,HICIS,latin
qolshy,NATHS,latin
qoteesy,NACISS,latin
shoikhy,HAICHS,latin
oikhy,FICHS,latin
chkam,DCAM,latin
qolar,NATAR,latin
oroiiin,FRAMIN,latin
ksheol,GHEAT,latin
okolo,FCATO,latin
fshedy,JHEUS,latin
chetain,DECAIN,latin
korchy,GARS,latin
rcheky,RECS,latin
shekaiin,HECAMN,latin
totol,TACAT,latin
qotl,NACT,latin
okaiiin,FCAMIN,latin
oithy,FICHS,latin
solcheol,SATEAT,latin
yar,QUAR,latin
deeedy,LIEUS,latin
otedal,FCEUAT,latin
qokedal,NACEUAT,latin
qeeedy,NIEUS,latin
cheedar,DIUAR,latin
raly,RATS,latin
chepchedy,DEPEUS,latin
qotedar,NACEUAR,latin
qoeeo,NAIO,latin
cheeaiin,DIAMN,latin
alkedy,ATCEUS,latin
yoiin,QUAMN,latin
tarar,TARAR,latin
otedam,FCEUAM,latin
cheolkeedy,DEATCIUS,latin
shdair,HUAIR,latin
tdain,TUAIN,latin
dairar,LAIRAR,latin
tedair,TEUAIR,latin
fcheey,JIS,latin
qotchd,NACT,latin
orchedy,FREUS,latin
yy,QUS,latin
keear,GIAR,latin
saldam,SATUAM,latin
qear,NEAR,latin
sheokaiin,HEACAMN,latin
odeeey,FUIES,latin
qotchedar,NACEUAR,latin
ycheeody,QUIAUS,latin
cheodor,DEAUAR,latin
shkeody,HCEAUS,latin
ykeeor,QUCIAR,latin
qokeod,NACEAT,latin
qoekol,NAECAT,latin
cheokal,DEACAT,latin
qokeo,NACEO,latin
cheokam,DEACAM,latin
ysheod,QUHEAT,latin
korain,GARAIN,latin
qkol,NCAT,latin
yshor,QUHAR,latin
ysheeo,QUHIO,latin
oeeor,FIAR,latin
cheok,DEAC,latin
okeeeo,FCIEO,latin
okeoy,FCEAS,latin
otalsy,FCATSS,latin
qekor,NECAR,latin
okols,FCATS,latin
dairair,LAIRAIR,latin
tocheo,TAEO,latin
qoekeey,NAECIS,latin
sokeey,SACIS,latin
keeos,GIAS,latin
qkeody,NCEAUS,latin
oleees,FTIES,latin
okeam,FCEAM,latin
keeeol,GIEAT,latin
cheodam,DEAUAM,latin
qoteeo,NACIO,latin
qekeey,NECIS,latin
teedal,TIUAT,latin
toky,TACS,latin
tchdor,TUAR,latin
alod,ATAT,latin
tshod,THAT,latin
odaly,FUATS,latin
tshdol,THUAT,latin
kshed,GHET,latin
qokeeod,NACIAT,latin
toaiin,TAAMN,latin
oeo,FEO,latin
teo,TEO,latin
sosar,SASAR,latin
salo,SATO,latin
ykhey,QUCHES,latin
okolol,FCATAT,latin
soral,SARAT,latin
cheokeol,DEACEAT,latin
sheoey,HEAES,latin
ssheo,SHEO,latin
ydar,QUUAR,latin
chedo,DEUO,latin
deeor,LIAR,latin
eeol,IAT,latin
qoeeol,NAIAT,latin
qokeear,NACIAR,latin
ssheey,SHIS,latin
darchedy,LAREUS,latin
qotear,NACEAR,latin
okeeshy,FCIHS,latin
tokain,TACAIN,latin
oteeam,FCIAM,latin
okeedar,FCIUAR,latin
qkain,NCAIN,latin
qodaiiin,NAUAMIN,latin
oeeal,FIAT,latin
airod,AIRAT,occitan
ysheo,QUHEO,latin
ysheeody,QUHIAUS,latin
qotaiiin,NACAMIN,latin
ychedaiin,QUEUAMN,latin
oeedaiin,FIUAMN,latin
qotched,NACET,latin
sairol,SAIRAT,latin
adam,AUAM,latin
yteeey,QUCIES,latin
teedar,TIUAR,latin
ylkaiin,QUTCAMN,latin
airal,AIRAT,occitan
aiidy,AMUS,latin
eesy,ISS,latin
ail,AIT,latin
ksheeol,GHIAT,latin
rody,RAUS,latin
kairam,GAIRAM,latin
daiiral,LAMRAT,latin
sheeodar,HIAUAR,latin
shkar,HCAR,latin
okarol,FCARAT,latin
ko,GO,latin
cheokaiin,DEACAMN,latin
otaral,FCARAT,latin
kais,GAIS,latin
ycheain,QUEAIN,latin
pairar,MAIRAR,latin
kalkal,GATCAT,latin
aty,ACS,latin
qaiin,NAMN,latin
dalkedy,LATCEUS,latin
arain,ARAIN,latin
keedain,GIUAIN,latin
sholkeedy,HATCIUS,latin
cheokedy,DEACEUS,latin
teed,TIT,latin
qoteal,NACEAT,latin
tarol,TARAT,latin
oteedal,FCIUAT,latin
ykeedain,QUCIUAIN,latin
ychedal,QUEUAT,latin
okchdar,FCUAR,latin
ycheod,QUEAT,latin
cheoaiin,DEAAMN,latin
shkchedy,HCEUS,latin
qokaram,NACARAM,latin
okchedam,FCEUAM,latin
cheedain,DIUAIN,latin
chedaiiin,DEUAMIN,latin
rodam,RAUAM,latin
loeees,FIES,latin
olfchedy,JEUS,latin
lkeo,GEO,latin
lcheam,DEAM,latin
lko,GO,latin
lkeed,GIT,latin
olfchey,JES,latin
lkam,GAM,latin
loiiin,FMIN,latin
lkeeo,GIO,latin
lcheod,DEAT,latin
lfchedy,JEUS,latin
lkcheo,GEO,latin
olkam,GAM,latin
olkeeo,GIO,latin
chyd,QUT,latin
dys,QUS,latin
oltydy,TSUS,latin
olkeear,GIAR,latin
adar,ADAR,hebrew
aiim,AMARA,latin
aim,AMARA,latin
chaim,DIEM,latin
cheom,DEUM,latin
daiim,OLEUM,latin
daim,LAIN,occitan
daoly,DELI,hebrew
doair,ADAR,hebrew
geedy,GEDI,hebrew
ithor,TAHOR,hebrew
kaisar,QAISAR,hebrew
ocheos,DEOS,latin
ofar,JAR,latin
ofchdy,JUS,latin
ofchedy,JEUS,latin
ofchey,JES,latin
ofchor,JAR,latin
okoaiin,GAUM,latin
okoiin,GAMN,latin
oksho,GHO,latin
okshor,GHAR,latin
oldaim,LAIN,occitan
oqokain,NOCAN,occitan
oqol,NON,latin
orary,ARS,latin
osar,SARE,occitan
oshedy,HEUS,latin
oshey,HEC,occitan
otaim,TEOM,hebrew
otamy,TAMEI,hebrew
oteodaiin,TEAUAMN,latin
oteom,TEOM,hebrew
otodaiin,TAUAMN,latin
otoiin,TAMN,latin
otshedy,THUS,latin
otsho,THO,latin
otshol,THAT,latin
saiim,SUMMA,latin
saim,SAIN,occitan
shalom,SHALOM,hebrew
taim,CUM,latin
taly,TELI,hebrew
ylaiin,ILAN,hebrew
qot,NO,latin
chofchy,FAC,latin
chot,DEO,latin
cky,DECUS,latin
cty,SIC,latin
chcky,DECUS,latin
qofol,FUIT,latin
ctchy,SENECIO,latin
arg,AD,latin
chodalg,FUAT,latin
coy,DOSIS,latin
chop,DEO,latin
qofcho,NAO,latin
ofchy,FAC,latin
ofchar,FAR,latin
yfchy,DIES,latin
daing,LAIN,occitan
yfchor,DEA,latin
alg,AL,occitan
ylg,QUT,latin
chforaiin,FORMA,latin
ctey,TES,latin
ofchory,DARIS,latin
tco,SCABIE,latin
ctos,TOS,latin
shot,HABE,occitan
chyt,DIES,latin
qofchedy,EIUS,latin
qokeefcy,NOCIS,latin
qop,NO,latin
chefchol,DEDIT,latin
ctol,TERTIO,latin
dorg,LUX,latin
qofockhdy,NODUS,latin
cs,DES,occitan
amg,AM,latin
chefchy,ES,latin
co,DEO,latin
cy,DIES,latin
okchop,FCO,latin
ofy,FAC,latin
chefal,DICIT,latin
chefaiin,DUM,latin
chefain,DEAIN,latin
ofair,FAIR,occitan
chepchefy,DEPES,latin
ofaiin,FAMA,latin
ctoiin,TAMN,latin
yfchdy,ALIUS,latin
sheet,HE,latin
yfor,QUAR,latin
yfchey,DES,occitan
shckhefy,HEC,occitan
chokolg,OPTAT,latin
ctchey,DES,occitan
dchog,DEO,latin
qokg,NAC,latin
shokog,FCO,latin
sarg,SARE,occitan
ckaiin,DICAM,latin
qofair,AURUM,latin
chokyt,DECUS,latin
ckchol,GRATIA,latin
shotchot,FCO,latin
cheop,DEO,latin
sheep,HE,latin
cholfy,FLOS,latin
olfcham,DAM,latin
org,OR,occitan
yfair,QUAIR,latin
cheot,DEO,latin
ykcol,GRATIA,latin
qofchy,NOS,latin
ofaram,AM,latin
shofol,HAAT,latin
shekeefy,BIS,latin
ofor,VER,latin
ocs,OS,latin
cckheor,DECOR,latin
ofcheor,DECOR,latin
chcs,DES,occitan
ctar,TARTARUM,latin
shep,HE,latin
otalalg,AL,occitan
cpar,AD,latin
chfaly,ALS,occitan
sheot,HUC,latin
opalg,AL,occitan
oteedyg,LAETIS,latin
chefy,DES,occitan
yfaiin,AMARA,latin
qolp,NON,latin
cpchy,ARIETE,latin
lfcheol,DEDIT,latin
chfaiin,DIEM,latin
qofchey,NOCES,latin
dag,LA,latin
ofshdy,HIS,occitan
ofal,DOLOR,latin
qfol,NON,latin
ckol,GRATIA,latin
yfchedy,DEUS,latin
olfor,FLORA,latin
cheefar,DECOR,latin
scody,SANC,latin
lfchy,DIES,latin
qokeog,NACEO,latin
sfal,SAL,latin
ofcheol,DEDIT,latin
dalg,DICIT,latin
qofchol,FUIT,latin
chofy,DOSIS,latin
dsheog,HUC,latin
qofain,AN,occitan
dalfchy,ALS,occitan
qofaiin,NOMEN,latin
qofchdaiin,NOVUM,latin
chefar,DECOR,latin
ckey,GENUS,latin
ctody,CORTICE,latin
cholp,DAT,latin
chofol,FUIT,latin
chefoly,ET,latin
ofcho,FO,latin
cholfor,FLORA,latin
olfaiin,FILUM,latin
chefchey,DIS,latin
sheefy,HIS,occitan
alfo,ATO,latin
shoefy,ES,latin
sholfaiin,FILUM,latin
choefy,FECES,latin
olfy,FLOS,latin
lfchal,DAT,latin
okcheefy,FACIS,latin
shet,HE,latin
cheefy,DIS,latin
chalg,DAT,latin
kolfchdy,DATUS,latin
alog,ATO,latin
chcty,SIC,latin
rfam,RAMUS,latin
shfy,HIC,latin
syaiir,QUAMR,latin
cthoary,ARS,latin
ooiin,VINUM,latin
oydar,QUUAR,latin
oschy,SIC,latin
kshoy,HORAS,latin
shodan,FUAN,latin
kshy,HIC,latin
kchom,OM,latin
shokcheey,FACIS,latin
lkody,GNUS,latin
dksheey,GHIS,latin
kotchody,LATUS,latin
sochey,FECES,latin
potoy,LAS,occitan
otoaiin,TAAMN,latin
dolo,FTO,latin
chtod,TAT,latin
daiiny,ET,latin
kydain,LAIN,occitan
daiirol,LAIRAT,latin
shty,SIC,latin
chokeos,SED,latin
shom,OM,latin
oporar,AD,latin
olytol,TERTIO,latin
seees,IES,latin
kcham,DAM,latin
shtchy,SENECIO,latin
shytchy,QUAS,latin
shyshol,QUHAT,latin
shkchor,GRADU,latin
shtaiin,CUM,latin
kshody,HORTUS,latin
pshod,HAT,latin
shokeeol,FACIT,latin
poeear,FIAR,latin
odshe,HE,latin
kaiim,AMARA,latin
koar,FAR,latin
chodam,FUAM,latin
ocholy,FLOS,latin
oeeees,FIES,latin
chald,ATT,latin
deees,IES,latin
shotcho,FCO,latin
qoteeeo,NACIO,latin
scho,DEO,latin
oksheo,GHEO,latin
kshey,HEC,occitan
kchs,DES,occitan
opcheaiin,DUM,latin
otorchy,TARS,latin
oykeey,QUAM,latin
chokoiin,GAMN,latin
dsholdy,ALIUS,latin
shydal,DICIT,latin
ypcheey,DES,occitan
kyty,QUAS,latin
chshoty,SIC,latin
kom,OM,latin
oykchor,GRADU,latin
oqotar,NOCAR,occitan
schoal,DOLOR,latin
chodl,FUT,latin
tan,TAM,latin
dypchy,ARIETE,latin
shkchy,BONUS,latin
sotchy,LAUDIS,latin
koair,FAIR,occitan
chtoiin,TAMN,latin
koky,FACIS,latin
shoin,FIN,latin
shokshor,GHAR,latin
darody,FIDES,latin
dchyd,QUT,latin
oykshy,QUCHS,latin
saiiin,AMARA,latin
sky,AC,occitan
poror,OR,occitan
soloiin,VINUM,latin
sykaiin,QUAM,latin
oshaiin,HAMA,latin
dtoaiin,TAAMN,latin
sokchy,FACIS,latin
chypchy,ARIETE,latin
sholo,FTO,latin
sokar,FOCAR,occitan
som,OM,latin
opchordy,DARUS,latin
dychear,QUEAR,latin
odaldy,LATUS,latin
oytor,QUARE,latin
sholor,FLORA,latin
sotchaiin,LIMA,latin
dchydy,ALIUS,latin
oscheor,SEX,latin
tdaiin,TUAIN,latin
kdchody,ODORATUS,latin
chokoaiin,GAUM,latin
cheeen,DIN,latin
choees,FIS,latin
schodain,FANUM,latin
chokoldy,ALIUS,latin
ochoaiin,FAMA,latin
dchod,DAT,latin
choraly,FRATS,latin
shoeor,VER,latin
dydain,LAIN,occitan
sokaiin,FOCUM,latin
shotoly,ET,latin
opyaiin,AMARA,latin
ofchol,JAT,latin
olfchor,JAR,latin
ldals,SED,latin
sholol,FUIT,latin
otshor,THOR,latin
oloiir,VER,latin
oloro,FRO,latin
odchees,DEIS,latin
chorom,OM,latin
okodaiin,GAUAMN,latin
odaiim,OLEUM,latin
ocholdy,ALIUS,latin
shair,AURUM,latin
oso,SO,latin
psheoky,FACIS,latin
chypchey,DES,occitan
pcheety,DICS,latin
deeol,IAT,latin
eeeody,IAUS,latin
qokes,NOCIS,latin
ksor,SERUM,latin
shoteo,FCEO,latin
kcheed,DIT,latin
schodar,DATUR,latin
sotchdy,LAETUS,latin
kchoror,RORIS,latin
chokshy,FACHS,latin
olals,SED,latin
chteor,CERA,latin
shorchey,DES,occitan
deeey,IES,latin
dkeeor,GIOR,latin
kchydy,ALIUS,latin
shso,SO,latin
dkarar,GARAR,latin
cheeoy,DEOS,latin
shykeody,QUALITAS,latin
dcheodain,LAIN,occitan
soty,LAUS,latin
skey,GENUS,latin
shdor,LUX,latin
lfchdy,JUS,latin
dolr,RECIPE,latin
dodl,FUT,latin
porar,AD,latin
oltey,TES,latin
kaldaiin,OLEUM,latin
ked,GIT,latin
kschdy,DATUS,latin
shdydy,ALIUS,latin
spaiin,AMARA,latin
loees,FIS,latin
dykey,GENUS,latin
lodaly,FUATS,latin
chosar,SARE,occitan
schokey,FOCES,latin
otod,TAT,latin
chon,OM,latin
sokchor,FACERE,latin
ykeeols,QUCEATS,latin
oyteey,QUIES,latin
okshol,GHAT,latin
opchekaiin,DECUM,latin
shdalo,LO,latin
syky,QUOS,latin
oshdy,HIS,occitan
shky,AC,occitan
shokor,FACERE,latin
qokaim,NOCAN,occitan
dalain,AN,occitan
chkchod,GAT,latin
ykeod,QUCIAT,latin
shdchdy,DATUS,latin
daiiry,ET,latin
chotais,FCAIS,latin
kshaiin,HAMA,latin
kshes,HABES,latin
choro,FRO,latin
shols,FLOS,latin
shochol,FEL,latin
chtey,TES,latin
oykeedy,QUALIS,latin
daldar,DICIT,latin
shee,HE,latin
dykeedain,QUCIUAIN,latin
darod,ARAT,latin
koees,FIS,latin
kshotol,TERTIO,latin
shysho,HABE,occitan
ocheeky,DICIS,latin
oyd,QUT,latin
oyty,QUAS,latin
opchod,DAT,latin
keees,IES,latin
kolsho,HABE,occitan
korary,ARS,latin
chko,GO,latin
olald,ATT,latin
shoto,FCO,latin
chdalor,LOR,occitan
karal,AURAT,latin
sholkal,CALE,latin
dykaly,ET,latin
schesy,ET,latin
dsholy,ET,latin
chotcho,FCO,latin
keesy,ISS,latin
pshdaiin,HUUM,latin
yteeol,TERAT,latin
poshol,FHAT,latin
shshes,HABES,latin
sheeod,HEAT,latin
kshodaiin,HORTUM,latin
ochokeey,FACIS,latin
opcheodal,DICIT,latin
shocho,FO,latin
qokeaiin,NOCEAN,latin
chariin,ARMN,latin
olkais,GAIS,latin
solkchy,BONUS,latin
dariin,ARMN,latin
shotchdy,LAETUS,latin
tchodain,OLEUM,latin
oloeedy,FITIS,latin
dcheodaiin,OLEUM,latin
dscheey,SIS,latin
olcheety,DICS,latin
shodaim,LAIN,occitan
cthodaiis,LAMS,latin
kcholy,FLOS,latin
sholoiin,VINUM,latin
kodam,FUAM,latin
oqoor,NOX,latin
oltsho,THO,latin
sheetchy,SIC,latin
okeodaiin,GEAUAMN,latin
kodl,FUT,latin
sheekal,CALE,latin
dcheaiin,DUM,latin
qodaim,LAIN,occitan
chas,AS,latin
dchykey,GENUS,latin
oedaiin,FIUAMN,latin
ykan,QUCAM,latin
kchoar,FAR,latin
choteeey,LIS,latin
sokchol,OPTAT,latin
poeeo,FIO,latin
shkchey,GENS,latin
chteody,SANC,latin
cheeodam,DEAUAM,latin
kodain,FANUM,latin
ofol,JAT,latin
dkedar,GEUAR,latin
olkchdal,GUAT,latin
dshodal,DICIT,latin
shaly,ALS,occitan
dalchor,OR,occitan
sholaiin,FILUM,latin
chairal,AIRAT,occitan
qopaiim,AMARA,latin
ochaly,ALS,occitan
qoaiir,AURUM,latin
opcheear,DECOR,latin
odalar,AD,latin
oqotaly,ET,latin
shokalol,FUIT,latin
sharal,AURAT,latin
sholar,FAR,latin
dtshol,THAT,latin
opaldaiin,OLEUM,latin
olkaly,GATS,latin
salal,ALOE,latin
yteo,QUCIO,latin
cheoteey,DEACES,latin
syly,QUTS,latin
qotesy,NACISS,latin
shddy,ALIUS,latin
shokaiir,FCAMR,latin
kcheeky,DICIS,latin
ysheeod,QUHEAT,latin
otcheo,TEO,latin
shokeshy,FACEHS,latin
kodal,FUAT,latin
kotody,LATUS,latin
dakar,ACAR,latin
chkchody,ANNUS,latin
chokeed,FCIT,latin
teodain,TEAUAMN,latin
sochy,FAC,latin
oekain,FECAMN,latin
dfar,JAR,latin
dchodar,DATUR,latin
soeor,VER,latin
oran,AM,latin
sakar,ACAR,latin
solair,AURUM,latin
solal,AL,occitan
kchochy,FAC,latin
chokeear,FACIAR,latin
opcheeol,DIAT,latin
okeeodal,GIAUAT,latin
kcheoey,ES,latin
ochory,DARIS,latin
dcheoldy,DENS,latin
oteeeor,LIOR,latin
oeeeo,FIO,latin
oshchey,HEC,occitan
oschaiin,SUMMA,latin
kchoty,DATUS,latin
kcheoly,ET,latin
ykes,QUCIS,latin
kodar,ODAR,occitan
olsey,SES,latin
chshek,HEC,occitan
ocheol,DEDIT,latin
chdail,LAIT,latin
schekol,DECAT,latin
ocheky,DICIS,latin
choekey,FECES,latin
shteody,SANC,latin
scheos,DEOS,latin
cheteedy,DECEUS,latin
chkorchy,GARS,latin
oteodain,TEAUAMN,latin
tcheeos,TRES,latin
shkechy,GENS,latin
chtaly,TELI,hebrew
dchochar,FAR,latin
cholam,AM,latin
shkchody,ANNUS,latin
soir,FIR,latin
chokeod,FCEAT,latin
okchos,GAS,latin
oaram,AM,latin
shshy,HIC,latin
ytaiir,QUCAIR,latin
oparam,AM,latin
dyshol,QUHAT,latin
shkal,CALE,latin
doithy,FICHS,latin
oteeodar,LAVAR,occitan
sheedal,DICIT,latin
oches,DES,occitan
chtam,TAM,latin
chotear,LAAR,latin
oteeeo,FCIO,latin
opys,QUS,latin
qoteeal,NACEAT,latin
shoekey,FECES,latin
chsary,ARS,latin
osheo,HUC,latin
parar,AD,latin
oteeodaiin,TIAUAMN,latin
shseor,SEX,latin
teeey,TUIS,latin
opalar,AD,latin
opalor,OR,occitan
chtos,TOS,latin
sholshdy,HIS,occitan
chalaiin,AMARA,latin
shda,LA,latin
oqokar,NOCAR,occitan
otedo,TEUO,latin
otoees,TAIS,latin
okarar,GARAR,latin
opoeey,FIS,latin
cheem,DIN,latin
olaikhy,AICHS,latin
soees,FIS,latin
chokory,ET,latin
oteeeody,LINUS,latin
sholeey,IS,latin
shdary,ARS,latin
okeeoly,FAC,latin
odody,FIDES,latin
shaldy,ALTUS,latin
oeeody,IAUS,latin
soteees,LIES,latin
dalshey,HEC,occitan
olalaiin,AMARA,latin
opals,SED,latin
olkcho,GO,latin
ssheol,HERBA,latin
shokain,FOCAN,occitan
shtol,TERTIO,latin
sorol,FORAT,latin
ocheain,DEAIN,latin
oloin,FIN,latin
odchedy,DEUS,latin
charor,OR,occitan
olshees,HIS,occitan
tedar,TIUAR,latin
kolkedy,GENUS,latin
oqoky,NOCS,latin
sheeoldy,HEATUS,latin
loral,AL,occitan
olsheed,HIT,latin
solshey,HEC,occitan
qolkeeey,BIS,latin
otedair,TEUAIR,latin
opshedal,DICIT,latin
loiiim,FMIN,latin
qolkey,BIS,latin
scheer,DIR,latin
lshees,HIS,occitan
lsan,SAN,latin
dotedy,LAETUS,latin
solteedy,SITIS,latin
sokcheey,FACIS,latin
qolcheedy,NASUS,latin
olaiiny,ET,latin
saiirol,SAIRAT,latin
olkeedal,GIUAT,latin
tedal,TIUAT,latin
qoraiin,RAN,latin
sheekey,GENUS,latin
lfol,JAT,latin
solkchedy,GENUS,latin
sokol,OPTAT,latin
oted,FCIT,latin
daiil,LAIT,latin
dalky,AC,occitan
kotaly,LAUDIS,latin
dchedaly,ALS,occitan
orory,RARS,latin
spchy,ARIETE,latin
kshedy,HEUS,latin
solor,FLORA,latin
oltshedy,THUS,latin
ycheear,QUEAR,latin
skain,BAIN,occitan
orsheedy,HUIUS,latin
oltoiin,TAMN,latin
dykshy,QUCHS,latin
solky,AC,occitan
shkeol,GERAT,latin
las,AS,latin
dolfchedy,JEUS,latin
oeeedy,IEUS,latin
ochedar,DECOR,latin
osheedy,HUIUS,latin
parody,FIDES,latin
okais,GAIS,latin
olkshdy,GHUS,latin
dykain,BAIN,occitan
sotaiin,LIMA,latin
sshol,HABET,latin
kolchdy,DATUS,latin
lsoraiin,FORMA,latin
lochedy,FTIS,latin
olko,GO,latin
sokoly,FAC,latin
qolkedy,BIS,latin
olchesy,ET,latin
solshed,HEU,latin
skal,CALE,latin
schety,DATIS,latin
soldy,ALIUS,latin
cheeety,DICS,latin
olsaly,ALS,occitan
solkey,GENUS,latin
skar,GARUM,occitan
ldalor,LOR,occitan
chtair,TAIR,latin
chaloly,ATATS,latin
oqo,NO,latin
oyshey,HEC,occitan
olkeed,GIT,latin
skeey,BIS,latin
osy,SIC,latin
teedam,CUM,latin
korol,FORAT,latin
yteedar,QUCEUAR,latin
shdol,LAEDIT,latin
sodair,FUAIR,latin
kchdar,DARE,latin
tsheed,THET,latin
chofchdy,JUS,latin
qopcheedy,NOCETIS,latin
ykeeeody,BINUS,latin
shtor,SED,latin
shdaldy,LATUS,latin
shshdar,HUAR,latin
kchedar,DECOR,latin
dkam,GAM,latin
odchdy,DATUS,latin
opoees,FIS,latin
olfar,JAR,latin
shoral,AL,occitan
sodaiiin,FUAMIN,latin
odsheo,HUC,latin
opchsey,DSES,latin
qotedain,SEVUM,latin
schsdy,ALIUS,latin
shyy,QUS,latin
olkeor,GEOR,latin
dtedair,TEUAIR,latin
oqokeol,NOCERAT,latin
olkshed,GHET,latin
dytshedy,QUCHEUS,latin
dytshy,QUCHS,latin
oltam,TAM,latin
pshdal,HUAT,latin
shdam,DICERE,latin
lfar,JAR,latin
ytaiim,QUANTUM,latin
pochor,VER,latin
ykeshy,QUCIHS,latin
ytaim,TAIN,occitan
skeeody,BINUS,latin
cheokaiim,DEACAMN,latin
yteeedy,QUALIS,latin
syty,QUAS,latin
keos,SED,latin
saiidy,AMUS,latin
sals,SED,latin
yteeos,QUCEAS,latin
dcheeol,DIAT,latin
yteeor,CERA,latin
cthosy,SIC,latin
scheom,DEUM,latin
shoeey,FIS,latin
lseeey,SIES,latin
doleeey,FTIES,latin
pcheoly,ET,latin
saldaiin,OLEUM,latin
chkeor,GEOR,latin
opykey,GENUS,latin
soteol,LAETO,latin
odoiin,VINUM,latin
sqokeo,NACEO,latin
keeodaiin,GEAUAMN,latin
doikhy,FICHS,latin
sheeos,HABES,latin
seey,IS,latin
oaithy,AICHS,latin
odory,FORS,latin
saloiin,ATAMN,latin
sorcheey,FRIS,latin
kosar,SARE,occitan
chtodaiin,TAUAMN,latin
eeeey,IES,latin
kory,FORS,latin
doral,AL,occitan
choeees,FIES,latin
ltcheody,SANC,latin
dso,SO,latin
osheokaiin,HEACAMN,latin
poleeol,FTIAT,latin
lkaldy,BOLUS,latin
shko,GO,latin
dsheeor,HIOR,latin
oys,QUS,latin
cphdaithy,AICHS,latin
podchey,FUES,latin
oes,FIS,latin
olsheod,HEAT,latin
ksheodal,FUAT,latin
cthodaim,LAIN,occitan
dalody,FIDES,latin
schodchy,ODORATUS,latin
shodam,FUAM,latin
osos,OS,latin
ocheodaiin,OLEUM,latin
olchod,DAT,latin
schos,DOS,latin
scheeol,DIAT,latin
opaiis,AMS,latin
kalchdy,ALTUS,latin
dytchdy,THUS,latin
sdal,DICIT,latin
oekeey,FECES,latin
shdaly,ALS,occitan
skchdy,ACUTUS,latin
kchedaiin,DEUM,latin
pshedar,DICIT,latin
sshor,HORAM,latin
ooror,OR,occitan
dald,ATT,latin
saiiny,ET,latin
cheeokeey,BIS,latin
okoraiin,GARAMN,latin
osary,ARS,latin
doror,OR,occitan
shokeeey,FACIES,latin
oqoeeol,NAIAT,latin
sorary,ARS,latin
olcheom,DEUM,latin
qkeeody,NCEAUS,latin
cheeeal,DIAT,latin
kchdol,LAEDIT,latin
oteeod,FCEAT,latin
okeeeol,GIEAT,latin
shotey,las,occitan
olcheeol,DIAT,latin
kalshey,HEC,occitan
soraly,FRATS,latin
qokeeeor,RECIPE,latin
sholdaiin,OLEUM,latin
chkeeody,BINUS,latin
keodal,GIAUAT,latin
doeey,FIS,latin
dykeor,QUCEAR,latin
kolor,FLORA,latin
soeees,FIES,latin
sheeoy,FAC,latin
odeeeey,FUIES,latin
soiir,VER,latin
odey,ES,latin
eeos,SED,latin
keeeos,GIAS,latin
ron,OM,latin
kochor,VER,latin
kolcheey,DIS,latin
deody,ALIUS,latin
chdarol,ROTA,latin
lteody,SANC,latin
lkeor,GEOR,latin
sholkar,GARUM,occitan
oteys,FCISS,latin
pcheam,DEAM,latin
sokedy,FACITIS,latin
dalshy,ATHS,latin
olcheedar,DIUAR,latin
lotos,LAS,occitan
dalkain,BAIN,occitan
seedy,IUS,latin
shalky,AC,occitan
chalal,ALOE,latin
chedan,DUM,latin
opalam,AM,latin
oqaiin,NAMN,latin
olan,AN,occitan
oqokeey,NOCIS,latin
shdpchy,ARIETE,latin
chsaly,ALS,occitan
okaim,FOCAN,occitan
shodor,FUOR,latin
shtey,TES,latin
dsheoy,FAC,latin
charaiin,AMARA,latin
olkeeodal,GIAUAT,latin
qekeeey,NECIS,latin
olcheear,DECOR,latin
lkeodaiin,GEAUAMN,latin
oksheey,GHIS,latin
lcheeey,DIES,latin
olkeeos,GIAS,latin
cheoain,DEAAMN,latin
cheetar,DECAR,latin
dadam,AUAM,latin
shokchey,FOCES,latin
pchoror,RORIS,latin
lcheed,DIT,latin
orodam,RAUAM,latin
qodan,DICERE,latin
yteeeody,SIDUS,latin
aiirody,FIDES,latin
dyaiin,AMARA,latin
teeor,CERA,latin
lksheey,GHIS,latin
oteeeos,LIAS,latin
aiiral,AIRAT,occitan
chekaim,DECAN,latin
opail,AIT,latin
aiildy,AITUS,latin
kodeey,FUIS,latin
ted,TIT,latin
chkas,GAS,latin
olkeeol,GEERAT,latin
fcheeody,JEAUS,latin
ookam,FOCAM,latin
lkeedal,GIUAT,latin
kail,AIT,latin
kalchedy,DEUS,latin
opaiim,AMARA,latin
qolkaiin,BAIN,occitan
lkaiir,BAIR,occitan
porair,AURUM,latin
lpaim,AMARA,latin
alkeey,ATCES,latin
alcheey,DES,occitan
kchdaldy,LATUS,latin
lfcheedy,JEUS,latin
aiil,AIT,latin
oaldar,DICIT,latin
okshed,GHET,latin
cheees,IES,latin
okeees,FACIS,latin
ocheedy,DIUS,latin
lkeeeody,BINUS,latin
sail,AIT,latin
poral,AL,occitan
olteeedy,SITIS,latin
shotchey,LAS,occitan
loain,FAN,latin
shypchedy,DEUS,latin
loror,OR,occitan
sholkair,BAIR,occitan
lolkair,BAIR,occitan
ysheody,QUHIAUS,latin
shsy,SIC,latin
sheodar,HIAUAR,latin
saram,AM,latin
dychy,DIES,latin
kcheodar,DICIT,latin
kolchedy,MEUS,latin
kalos,ATAS,latin
oqotaiin,NOTAM,latin
otaraiin,TARAMN,latin
losaiin,AMARA,latin
pchod,DAT,latin
lkaiiin,GAMIN,latin
chdalal,ALOE,latin
shalkaiin,ALBUM,latin
opaim,AMARA,latin
kchekain,DECAN,latin
cheear,DECOR,latin
solain,AN,occitan
palar,AD,latin
opalkam,ATCAM,latin
opalkar,GARUM,occitan
kolkar,GARUM,occitan
ltam,TAM,latin
sokod,FCAT,latin
dyair,QUAIR,latin
oloeeey,FEIS,latin
keeeo,GIO,latin
kaiis,AMS,latin
keeedal,GIUAT,latin
soain,FAN,latin
choked,FCET,latin
shokeedar,FCIUAR,latin
kedal,GIUAT,latin
shkeedy,BIS,latin
saithy,AICHS,latin
ycheeor,DECOR,latin
chalkeedy,BIS,latin
ychedain,QUEUAMN,latin
alkan,ATCAM,latin
sheedain,LAIN,occitan
okeedain,GIUAIN,latin
olkeoy,GEAS,latin
otedain,TEUAIN,latin
kaithy,AICHS,latin
olcheeey,DIES,latin
lotedaiin,LAUUM,latin
cheeedaiin,DIUUM,latin
okeedaiin,FACEUUM,latin
olcheees,DEIS,latin
sheeal,HALAT,latin
leeey,IES,latin
cheekeey,DECIS,latin
sheeain,HEAIN,latin
ykeedaiin,QUCIUAIN,latin
dsheeo,HIO,latin
ykeeeos,QUCIAS,latin
shtar,TARTARUM,latin
loedy,FTIS,latin
lkaim,BAIN,occitan
lchr,DA,latin
qoteedaiin,SEVUM,latin
teedain,TEUAIN,latin
shkey,GENUS,latin
cholkeeedy,GEITIS,latin
qoeeeo,NAIO,latin
pykeor,QUCEAR,latin
lcheeol,DIAT,latin
qokeeal,NOCEAT,latin
lkedar,GEUAR,latin
lkeedain,GIUAIN,latin
qeear,NEAR,latin
polkeeo,GIO,latin
okshdy,GHUS,latin
sheokain,HEACAMN,latin
chalkain,BAIN,occitan
shykaiin,QUAM,latin
sheekain,BAIN,occitan
lshekain,BAIN,occitan
lkeeed,GIT,latin
chokeal,FACEAT,latin
teeodain,TIAUAMN,latin
psalar,SATAR,latin
odys,QUS,latin
solol,FUIT,latin
poir,FIR,latin
lshdar,HUAR,latin
shkeor,GEOR,latin
palkeedy,BIS,latin
cheeoldy,DENS,latin
pcheokeey,BIS,latin
ocheor,DECOR,latin
ochos,DOS,latin
olkeedain,GIUAIN,latin
dcheoty,SIC,latin
chalor,OR,occitan
sairal,AIRAT,occitan
keeeody,BINUS,latin
sheedar,DICIT,latin
opcheed,DIT,latin
ooeeor,FIAR,latin
ypcheedy,DEUS,latin
shchs,DES,occitan
kcheeos,DIES,latin
sokal,FACIT,latin
chykeor,QUCEAR,latin
kotchy,LAUDIS,latin
shoteol,LAETO,latin
shaiiin,AMARA,latin
sheeodaiin,FUMUM,latin
pchodair,DAUAIR,latin
shotedy,LAETUS,latin
chfchol,JAT,latin
kchdaiin,DUM,latin
lchod,DAT,latin
cheeeo,DEO,latin
lshdaiin,HUUM,latin
lkeeos,GIAS,latin
pcheodaiin,OLEUM,latin
sholkeechy,FACITIS,latin
okeeodar,DICIT,latin
keeodar,GEAUAR,latin
otsheody,THEAUS,latin
ycheeol,DEDIT,latin
otecheedy,LAETIS,latin
teear,TEAR,latin
osheol,HERBA,latin
qoeeeey,NOEIS,latin
okeeeody,FACITIS,latin
teeo,TEO,latin
keeed,GIT,latin
ochedal,DICAT,latin
qokeedaiin,NOCEUUM,latin
dcheod,DEAT,latin
kolky,AC,occitan
teos,TIAS,latin
opdairody,FIDES,latin
pairody,FIDES,latin
lchedo,DEUO,latin
dkair,BAIR,occitan
olkaiir,BAIR,occitan
ksam,AM,latin
lked,GIT,latin
dshedal,DICIT,latin
oeos,SED,latin
ochedain,DICAN,latin
pcheodal,DICIT,latin
osheeo,HIO,latin
shdo,ALBA,latin
qolcheey,NAS,latin
olkaim,BAIN,occitan
shoko,FCO,latin
eeo,DEO,latin
chorar,AD,latin
otchedar,TEUAR,latin
cpholrory,RARS,latin
pcheodain,LAIN,occitan
lksho,GHO,latin
pcheed,DIT,latin
qokeeeos,SED,latin
lraly,RATS,latin
ycheedaiin,QUEUAMN,latin
rodain,RENUM,latin
opchepy,DEPS,latin
kolchey,DES,occitan
cholaiim,FILUM,latin
padar,ADAR,hebrew
osheeky,HIBIS,latin
okeedam,FCEUAM,latin
porchey,DES,occitan
sykar,QUARE,latin
lkan,GAN,latin
shr,SHOR,latin
dlay,DELI,hebrew
oteoly,TELI,hebrew
oteeoly,TELI,hebrew
ockhodar,ADAR,hebrew
doaro,ADAR,hebrew
okady,GEDI,hebrew
oekaody,GEDI,hebrew
okodeey,GEDI,hebrew
ykalo,IGGUL,latin
ykeal,IGGUL,latin
yokal,IGGUL,latin
orkeeey,RAKIA,latin
docheeo,DAKAH,latin
oteotey,TELI,hebrew
tochon,TOCHEN,latin
kodo,KAD,latin
mar,MOR,latin
rcho,RACH,latin
orcho,RACH,latin
tshey,TZORI,latin
otshey,TZORI,latin
tshy,TZORI,latin
lkl,LACH,latin
soeom,SAM,latin
cphealy,ELI,latin
seoar,SERO,latin
seear,SERO,latin
aros,ROS,latin
gaiin,GAN,latin
taor,TERRA,latin
eteor,TERRA,latin
otaro,TERRA,latin
qocheor,DECOR,latin
qooko,FCO,latin
qoykeeey,BIS,latin
qotoees,TAIS,latin
qochodaiin,ODORATUM,latin
qoctholy,FLOS,latin
qotoiin,TAMN,latin
qodor,LUX,latin
qocky,DECUS,latin
qopchaiin,EM,latin
qolody,FIDES,latin
qopcheody,DECUS,latin
qodol,LAEDIT,latin
qodom,OM,latin
qofchor,JAR,latin
qodary,ARS,latin
qooiiin,FMIN,latin
qochar,DARE,latin
qoldar,DICIT,latin
qooldy,ALIUS,latin
qoypchol,DAT,latin
qoshy,HIC,latin
qotoldy,TATUS,latin
qotydy,TSUS,latin
qotshol,THAT,latin
qockhom,OM,latin
qotodaiin,TAUAMN,latin
qoctchey,DES,occitan
qotoly,TATS,latin
qocheky,DICIS,latin
qooto,FCO,latin
qolshdy,HIS,occitan
qolol,FUIT,latin
qoqokeey,NOCIS,latin
qolshey,HEC,occitan
qolkchy,BONUS,latin
qolair,AURUM,latin
qoolkal,CALE,latin
qoyky,QUOS,latin
qolsheedy,HUIUS,latin
qodykey,GENUS,latin
qolshedy,HEUS,latin
qolsheey,HIS,occitan
qolcheol,DEDIT,latin
qorchedy,DEUS,latin
qoltedy,TEUS,latin
qorar,RARO,latin
qoldy,ALIUS,latin
qodched,DEUS,latin
qolchdy,DATUS,latin
qolteedy,SITIS,latin
qofchdy,JUS,latin
qoseey,IS,latin
qoteeos,TIAS,latin
qopydaiin,OLEUM,latin
qoolkaiin,AM,latin
qopcheeody,DECUS,latin
qocthsy,SIC,latin
qockhoy,FAC,latin
qopcholy,FLOS,latin
qoaikhy,AICHS,latin
qoda,LA,latin
qopdol,LAEDIT,latin
qocheoty,SIC,latin
qotodain,TAUAIN,latin
qoshocphy,HORAS,latin
qopchedal,DICAT,latin
qotchos,TOS,latin
qoolkeey,FACITIS,latin
qoorar,AD,latin
qoochey,FECES,latin
qooiin,VINUM,latin
qoodain,FANUM,latin
qoshedy,HEUS,latin
qoctheody,ALIUS,latin
qocheeol,DIAT,latin
qoykeey,QUAM,latin
qosaiin,SUMMA,latin
qoteodaiin,TEAUAMN,latin
qodos,OS,latin
qopdaiin,OLEUM,latin
qocheo,DEO,latin
qotoky,TACS,latin
qoteos,TIAS,latin
qosheo,HUC,latin
qocheol,DEDIT,latin
qopchedaiin,DEUM,latin
qopchody,ODORATUS,latin
qopchear,DECOR,latin
qosain,SAIN,occitan
qoees,IS,latin
qopoiin,VINUM,latin
qopcheos,DEOS,latin
qotos,TOS,latin
qoochy,FAC,latin
qochedain,DICAN,latin
qockheos,SED,latin
qoolkeedy,FACITIS,latin
qolcheor,DECOR,latin
chd,CHAD,latin
chckhd,CHAD,latin
chad,CHAD,latin
told,TLATA,latin
otald,TLATA,latin
shd,ASHTA,latin
tochol,TICHLA,latin
etchal,TICHLA,latin
damo,DAMA,latin
chotom,CHATAM,latin
tcheen,TACHHAN,latin
okom,UKMA,latin
okeom,UKMA,latin
okeeom,UKMA,latin
keeees,KASA,latin
okaiis,KASA,latin
dasain,TZON,latin
okolor,COLARE,latin
okolar,COLARE,latin
oaorar,ARARE,latin
okaram,GARMA,latin
cheel,CHALA,latin
tchom,TACHHAN,latin
tcheain,TACHHAN,latin
shodary,ARS,latin
kodshey,HEC,occitan
okodar,ODAR,occitan
kychol,QUAT,latin
dycphy,QUS,latin
daiildy,AITUS,latin
sochol,FEL,latin
qokshol,GHAT,latin
dkshy,HIC,latin
shotshy,TZORI,latin
kocheor,DECOR,latin
olchad,CHAD,latin
doldom,OM,latin
qokom,OM,latin
kshchol,DAT,latin
pshoain,FAN,latin
oporody,RAUS,latin
dotar,LAR,latin
shoyty,QUAS,latin
soydy,ALIUS,latin
okorory,RARS,latin
okald,ATT,latin
dytaiin,QUANTUM,latin
dorody,RAUS,latin
sdain,LAIN,occitan
sychor,DEA,latin
dychor,DEA,latin
shtshy,TZORI,latin
koshet,HE,latin
okchom,OM,latin
qokoiir,VER,latin
dychol,QUAT,latin
okshal,SAL,latin
qokchos,GAS,latin
qokchs,DES,occitan
ssoaiin,FAMA,latin
qokoiin,GAMN,latin
kolyky,QUOS,latin
olotchy,LAUDIS,latin
olshly,ET,latin
dydal,DICIT,latin
dydar,QUUAR,latin
shoaldy,ALTUS,latin
shkshy,HIC,latin
otshy,TZORI,latin
porory,RARS,latin
okokom,UKMA,latin
kochky,DECUS,latin
okoeos,SED,latin
qokoral,AL,occitan
okshes,HABES,latin
shotco,SCABIE,latin
doshos,SED,latin
qokshe,HE,latin
shycho,DEO,latin
okchesy,ET,latin
qokochy,FAC,latin
ldydain,LAIN,occitan
sshokey,GENUS,latin
dshar,HORA,latin
olokes,FACES,latin
lshaiir,AER,latin
sorchy,FORS,latin
dydaiin,OLEUM,latin
oscho,DEO,latin
qokchon,OM,latin
okseey,IS,latin
qokyl,QUT,latin
scheam,DEAM,latin
posheor,HORROR,latin
shodody,FIDES,latin
pdsairy,ET,latin
shorody,RAUS,latin
dykar,QUARE,latin
dyfchdy,ALIUS,latin
psheot,HUC,latin
qolsor,SERUM,latin
shoqoky,NOCS,latin
koddy,ALIUS,latin
kolotam,OLEUM,latin
poshody,HORTUS,latin
qokodar,ODAR,occitan
sotar,LAR,latin
oltshey,TZORI,latin
okchd,CHAD,latin
soeos,SED,latin
dkals,SED,latin
qokalam,AM,latin
okalys,ATSS,latin
dshaly,ALS,occitan
qokalor,OR,occitan
qokalos,ATAS,latin
poaly,ALS,occitan
qokalar,AD,latin
okorair,AURUM,latin
kodary,ARS,latin
lpchees,DEIS,latin
shsopam,AM,latin
soairal,AIRAT,occitan
sosaiir,AER,latin
soshe,HE,latin
okadar,ADAR,hebrew
osalal,ALOE,latin
okchoal,DOLOR,latin
okodaly,FUATS,latin
qokool,FAT,latin
odchd,CHAD,latin
okoldam,DICERE,latin
okchyd,QUT,latin
okosy,SIC,latin
dkochy,FAC,latin
okolair,AURUM,latin
okydy,ALIUS,latin
dolaram,AM,latin
okeeees,KASA,latin
shsky,AC,occitan
okochey,FECES,latin
okalam,AM,latin
okoey,FECES,latin
oleeo,DEO,latin
okches,DES,occitan
odees,IS,latin
olkydar,QUUAR,latin
olyshey,HEC,occitan
shalshy,ATHS,latin
loydain,LAIN,occitan
qolydar,QUUAR,latin
olshty,SIC,latin
qokalom,OM,latin
ldsaiin,SUMMA,latin
olked,GIT,latin
shlches,DES,occitan
lkodol,FUAT,latin
olkchs,DES,occitan
dolchl,DAT,latin
sosoral,SARAT,latin
okalo,ATO,latin
pshorol,FORAT,latin
qokched,DEUS,latin
olkory,FORS,latin
olkshey,HEC,occitan
qokoin,FIN,latin
koroiin,VINUM,latin
qokail,AIT,latin
oklor,LOR,occitan
polshol,HABET,latin
qopalor,OR,occitan
dkshey,HEC,occitan
kolshd,ASHTA,latin
okchhy,DIES,latin
qokalol,ALOE,latin
ololary,ARS,latin
okail,AIT,latin
doledy,EIUS,latin
soeeedy,IEUS,latin
okshd,ASHTA,latin
qokoror,OR,occitan
qopchd,CHAD,latin
qopary,ARS,latin
lkalol,ALOE,latin
losair,SATUR,latin
sorory,RARS,latin
sokoldy,ALIUS,latin
okchshy,HIC,latin
kolches,DES,occitan
qokos,GAS,latin
schty,SIC,latin
lpychol,QUAT,latin
sykeeol,QUCIAT,latin
kodshol,HABET,latin
okcheod,DEAT,latin
olkees,IS,latin
olokchy,FACIS,latin
kshdor,LUX,latin
okeesy,ISS,latin
lshee,HE,latin
qokoly,ET,latin
olcheem,DIN,latin
oolsal,SAL,latin
shcty,SIC,latin
darary,ARS,latin
sosam,AM,latin
sofal,DOLOR,latin
odeor,RECIPE,latin
odariin,ARMN,latin
dolary,ARS,latin
opolkod,GAT,latin
kockhas,AS,latin
lkldy,ALIUS,latin
okool,FAT,latin
lkees,IS,latin
polshor,HORAM,latin
osaiiin,AMARA,latin
qokoeey,FIS,latin
shoda,LA,latin
oqockhy,NOS,latin
solchd,CHAD,latin
dlchd,CHAD,latin
dcheeoy,DEOS,latin
posairy,ET,latin
lkchs,DES,occitan
qokolky,AC,occitan
okaildy,AITUS,latin
lklor,LOR,occitan
pshoair,FAIR,occitan
okchdam,DICERE,latin
olkeees,IES,latin
lkshedy,HEUS,latin
qopches,DES,occitan
lkshey,HEC,occitan
polchs,DES,occitan
kolshes,HABES,latin
olkalol,ALOE,latin
kshdain,LAIN,occitan
polchls,SED,latin
okraiin,REM,latin
lcheel,CHALA,latin
poaral,AURAT,latin
lkchaly,ALS,occitan
lkedal,GIUAT,latin
oolals,SED,latin
olkeeed,GIT,latin
qokeoy,GEAS,latin
qoksheo,GHEO,latin
qokary,ET,latin
oeeeody,IAUS,latin
qopam,AM,latin
qopoeey,FIS,latin
lkches,DES,occitan
loary,ARS,latin
lkeees,IES,latin
okoeey,FIS,latin
dkchs,DES,occitan
qopdain,LAIN,occitan
qopeedy,IUS,latin
oaiil,AIT,latin
llsan,SAN,latin
shdalky,AC,occitan
posheos,HABES,latin
qopcham,DAM,latin
okalain,AN,occitan
qoklain,AN,occitan
kl,KOL,latin
lr,RECIPE,latin
ls,SED,latin
ety,DAI,latin
ekey,KI,latin
qy,KI,latin
ainy,ANI,latin
ds,ETZ,latin
okalchedy,DEUS,latin
okolchey,DES,occitan
okaraiin,AMARA,latin
okalaiin,AMARA,latin
okolaiin,FILUM,latin
saino,SANA,latin
ss,SED,latin
py,ET,latin
dr,RECIPE,latin
